可能會	497
噴火龍	439
因為他	376
應該是	326
然後我	321
咆哮虎	314
所以我	307
因為我	299
烈咬陸	292
咬陸鯊	292
烈咬陸鯊	291
風妖精	262
可能是	258
不會死	253
寶可夢	242
奇麒麟	235
再來一	225
來一次	222
幽尾玄	219
尾玄魚	219
幽尾玄魚	219
再來一次	218
有可能	205
大狃拉	202
他可能	202
他如果	198
我可以	190
好不好	186
也可以	183
是不是	176
賽富豪	170
我可能	165
我覺得	157
勾魂眼	156
就可以	154
巨沼怪	153
比較好	151
的隊伍	150
一定會	149
是沒有	146
大嘴鷗	145
然後他	145
鋁鋼橋	144
鋼橋龍	144
鋁鋼橋龍	144
美納斯	144
等一下	144
是可以	142
但是我	142
點守住	141
一點點	140
也沒有	138
就是我	135
的話我	135
花葉蒂	134
我應該	131
開空間	131
來悲粗	131
悲粗茶	131
來悲粗茶	131
仆斬將	130
斬將軍	130
仆斬將軍	130
或者是	129
可以打	126
不知道	125
就好了	125
個隊伍	124
不可能	122
我們的	122
氣象球	120
是一個	119
班基拉	119
基拉斯	119
班基拉斯	119
看起來	116
他這裡	116
兩個人	115
龍頭地	114
頭地鼠	114
龍頭地鼠	114
是不會	113
好一點	113
所以他	111
我們這	108
是披帶	107
月亮之	105
亮之力	105
月亮之力	105
不一定	104
這四個	104
披帶的	104
還不錯	103
邊守住	102
我們就	101
系技能	101
不是很	100
這個隊	99
一回合	98
不好打	98
我現在	98
這個隊伍	97
個回合	97
我想想	97
就這四	96
四個吧	96
就這四個	96
這四個吧	96
有什麼	95
他應該	95
就這四個吧	94
是圍巾	94
煤炭龜	93
有機會	92
他可能會	92
了這個	92
沒什麼	91
的寶可	89
的寶可夢	89
那就戰	88
就戰勝	88
那就戰勝	88
戰勝了	87
就戰勝了	87
那就戰勝了	87
姆克鷹	87
這一隊	87
一個人	86
一定要	86
他一下	86
沒有差	86
晶光花	86
有可能會	84
如果是	84
暗影球	83
無所謂	83
我需要	83
其實我	82
圍巾的	80
艾路雷	80
路雷朵	80
艾路雷朵	80
棄世猴	79
是披帶的	79
大竺葵	79
其實也	77
速折返	77
那我們	77
我這裡	77
閃焰衝	77
焰衝鋒	77
閃焰衝鋒	77
沒有關	76
有沒有	75
我只要	75
是什麼	74
也不是	74
開順風	74
了因為	74
而且他	74
化石翼	73
石翼龍	73
化石翼龍	73
勇鳥猛	73
鳥猛攻	73
勇鳥猛攻	73
是比較	73
日光束	73
的技能	72
但是他	72
會比較	72
投降了	72
有關係	72
火焰雞	72
我其實	71
吧因為	71
他現在	71
為什麼	70
吧對面	70
左邊守	70
最好的	70
的情況	69
可能還	69
的所以	69
可能也	69
的首發	69
左邊守住	69
索羅亞	68
羅亞克	68
索羅亞克	68
結束了	68
水箭龜	68
那這樣	68
主要是	67
勝了這	67
戰勝了這	67
勝了這個	67
就戰勝了這	67
戰勝了這個	67
那就戰勝了這	67
就戰勝了這個	67
應該要	67
的特性	66
對面的	66
守一下	66
是有點	66
雨天隊	65
沒有關係	65
我也不	65
烈箭鷹	65
這兩個	64
可能不	64
凍之風	64
隊伍的	64
這個就	64
個就是	64
沒有什	64
沒有什麼	64
邊然後	64
差不多	64
有一個	63
冰凍之	63
冰凍之風	63
可能就	63
文柚果	63
波動衝	63
大地之	63
地之力	63
大地之力	63
這個就是	62
之類的	62
是圍巾的	62
的時候	61
實在是	61
第一回	61
第一回合	61
也不會	61
打不死	60
巨金怪	60
我左邊	60
快速折	60
快速折返	60
噴火駝	60
這時候	60
而且我	59
中要害	59
如果他	59
我如果	59
定身法	59
那我就	59
是因為	58
都可以	58
個技能	58
擊中要	58
擊中要害	58
空間隊	58
電光束	58
萬伏特	57
的話那	57
蚊香蛙	57
泥偶巨	57
偶巨人	57
泥偶巨人	57
沙奈朵	57
真的是	56
的話他	56
的速度	56
是不會死	56
鋼鎧鴉	56
香蛙皇	56
蚊香蛙皇	56
個吧對	56
四個吧對	56
個吧對面	56
這四個吧對	56
四個吧對面	56
這四個吧對面	56
淘金潮	55
還可以	55
他應該是	55
完全沒	54
也是可	54
如果你	54
就這四個吧對	54
直接秒	54
最後一	53
所以就	53
打右邊	53
我們先	53
妙蛙花	53
沒有很	52
這兩個人	52
十萬伏	52
十萬伏特	52
之波動	52
我是不	52
比我快	52
長毛巨	52
毛巨魔	52
長毛巨魔	52
也是可以	51
好因為	51
憤怒粉	51
他左邊	51
大嘴娃	51
這樣的	50
能可以	50
一下我	50
為我們	50
水流噴	50
流噴射	50
水流噴射	50
的噴火	50
一家鼠	50
是為了	49
的傷害	49
是我們	49
也可能	49
其實還	49
有點不	49
不太好	49
對手的	49
瑪狃拉	49
可以先	48
以直接	48
加很多	48
除非他	48
因為我們	48
四個人	48
魔法閃	48
法閃耀	48
魔法閃耀	48
不多娃	48
多娃娃	48
差不多娃	48
不多娃娃	48
差不多娃娃	48
近身戰	48
什麼意	47
會剛好	47
的然後	47
然後右	47
後右邊	47
然後右邊	47
他沒有	47
不一定會	47
他投降	47
看一下	47
就是他	47
鱗甲龍	47
十萬馬	47
萬馬力	47
十萬馬力	47
污泥炸	47
泥炸彈	47
污泥炸彈	47
打不動	46
可以直	46
可以直接	46
是最好	46
我右邊	46
燈火靈	46
是這樣	45
其實不	45
種族值	45
雖然我	45
是那麼	45
火龍的	45
噴火龍的	45
可以再	45
怎麼辦	45
皮可西	45
一定是	44
了所以	44
的因為	44
的隊友	44
個首發	44
守住的	44
如果不	44
就直接	44
是會死	44
其實沒	44
是最好的	44
打左邊	44
會比我	44
一半多	44
他投降了	44
是噴火	44
可以看	44
有守住	44
霸王花	44
洛托姆	44
麼意思	43
什麼意思	43
怎麼樣	43
這個是	43
這樣子	43
他右邊	43
一點血	43
是一定	43
反正我	43
唱滅歌	43
冰岩怪	43
全沒有	42
完全沒有	42
一下他	42
空間下	42
他這個	42
不怎麼	42
非常好	42
為他這	42
因為他這	42
就沒有	42
啦因為	42
因為這	42
左邊上	42
接秒了	42
直接秒了	42
芳香精	42
寶石海	42
石海星	42
寶石海星	42
是非常	41
這個首	41
這個首發	41
比較高	41
該是不	41
應該是不	41
上咆哮	41
上咆哮虎	41
守住他	41
左邊吧	41
我這邊	41
比他快	41
他一定	41
我只能	41
的噴火龍	41
隊對面	41
樣的話	41
的問題	40
情況下	40
頭巾混	40
巾混混	40
頭巾混混	40
有可能是	40
為他的	40
因為他的	40
然後再	40
邊好了	40
定會死	40
能會有	40
可能會有	40
我可能會	40
是噴火龍	40
精神強	40
神強念	40
精神強念	40
剋命爪	40
洗衣機	40
雪妖女	40
這樣的話	40
接下來	39
常見的	39
打不贏	39
攻擊技	39
擊技能	39
攻擊技能	39
要怎麼	39
個順風	39
個血量	39
他可能是	39
能需要	39
有技能	38
個人都	38
那我可	38
我一下	38
一定會死	38
這裡可	38
可能需	38
可能需要	38
就會死	38
我還是	38
的配置	38
第四個	38
第四個人	38
白色香	38
色香草	38
白色香草	38
是不可	38
沙暴隊	38
上後排	38
甲賀忍	38
賀忍蛙	38
甲賀忍蛙	38
冥想一	38
能不能	37
他其實	37
我們可	37
是我可	37
點什麼	37
我這個	37
這個血	37
好了因	37
好了因為	37
還是我	37
大劍鬼	37
可以把	37
擊掌我	37
是不可能	37
自己的	36
的輸出	36
的物攻	36
的風妖	36
的風妖精	36
在空間	36
說真的	36
會沒死	36
也不能	36
不是那	36
這個血量	36
有一點	36
話我們	36
可以不	36
他後排	36
他就會	36
先下去	36
如果我	36
們這邊	36
我們這邊	36
巨鍛匠	36
很多人	35
什麼呢	35
其實是	35
隻寶可	35
隻寶可夢	35
沒有技	35
沒有技能	35
們可以	35
可以上	35
上風妖	35
上風妖精	35
是我的	35
較好一	35
比較好一	35
較好一點	35
比較好一點	35
三首惡	35
首惡龍	35
三首惡龍	35
打我的	35
不是不	35
會守住	35
也可能會	35
地獄突	35
獄突刺	35
地獄突刺	35
說不定	35
先守住	35
的話我們	35
的可能	35
只要不	35
可能比	35
就是不	35
生命水	35
命水滴	35
生命水滴	35
大部分	34
有很多	34
他不是	34
我直接	34
啦所以	34
右邊然	34
右邊然後	34
不點守	34
不點守住	34
不是那麼	34
應該會	34
我應該要	34
我打死	34
以看到	34
可以看到	34
點因為	33
可以選	33
憤怒之	33
怒之拳	33
憤怒之拳	33
再來是	33
該是會	33
應該是會	33
技能的	33
我沒有	33
我就會	33
會比較好	33
們這一	33
我們這一	33
我們是	33
能會點	33
可能會點	33
是很好	33
我一定	33
以我們	33
他也可	33
他需要	33
可以考	33
以考慮	33
可以考慮	33
把我打	33
出空間	33
大力士	33
單純光	33
純光束	33
單純光束	33
特性互	33
性互換	33
特性互換	33
另外一	32
技能可	32
的血量	32
物攻手	32
生命寶	32
命寶珠	32
生命寶珠	32
我們可以	32
了然後	32
下去了	32
威嚇一	32
邊的話	32
能會死	32
可能會死	32
是完全	32
什麼技	32
麼技能	32
什麼技能	32
的順風	32
覺得我	32
其實可	32
但是沒	32
好一點點	32
只能說	32
所以我們	32
是需要	32
有那麼	32
可以秒	32
影子偷	32
子偷襲	32
影子偷襲	32
非常的	32
暴風雪	32
的話是	32
摔角鷹	32
角鷹人	32
摔角鷹人	32
所以這	31
還是不	31
有些人	31
因為對	31
威嚇他	31
通常是	31
右邊守	31
右邊守住	31
右邊上	31
後他這	31
他這邊	31
邊可能	31
實沒有	31
兩個人都	31
完全不	31
可以點	31
怎麼會	31
們這一隊	31
我們這一隊	31
應該不	31
不是很好	31
上噴火	31
很危險	31
沒有那	31
點左邊	31
有點麻	31
點麻煩	31
有點麻煩	31
有辦法	31
倒是沒	31
把我打死	31
這樣我	31
吧我想	31
都沒有	30
還是會	30
的但是	30
的就是	30
其中一	30
不錯的	30
然後他這	30
我等一	30
我等一下	30
一次他	30
擊掌右	30
掌右邊	30
擊掌右邊	30
其實沒有	30
也還好	30
也不會死	30
威嚇我	30
一個回	30
一個回合	30
一下對	30
龍之波	30
龍之波動	30
的後排	30
上烈咬	30
沒有那麼	30
如果點	30
還是有	30
能比較	30
我就不	30
個空間	30
看我嘛	30
有問題	30
不確定	29
還有一	29
可能沒	29
能就是	29
的道具	29
該是不會	29
應該是不會	29
抗鬥果	29
住然後	29
右邊好	29
者是我	29
或者是我	29
是不好	29
會比我快	29
可以接	29
就是一	29
知道他	29
一定不	29
左邊然	29
左邊然後	29
點危險	29
會殘血	29
我們直	29
們直接	29
我們直接	29
的幽尾	29
的幽尾玄	29
的幽尾玄魚	29
右邊吧	29
我不會	29
我只能說	29
上烈咬陸	29
上烈咬陸鯊	29
的烈咬	29
不會被	29
開出空	29
開出空間	29
空間的	29
戲法空	29
法空間	29
戲法空間	29
並不是	28
相當於	28
如果有	28
技能打	28
冰凍拳	28
幽靈系	28
可能有	28
那我們就	28
龍的話	28
守住然	28
守住然後	28
我守住	28
他可以	28
為他不	28
因為他不	28
其他人	28
打死我	28
死然後	28
的操作	28
定不會	28
會死我	28
是烈咬	28
是烈咬陸	28
是烈咬陸鯊	28
了我們	28
可能性	28
啦但是	28
可能比較	28
的烈咬陸	28
的烈咬陸鯊	28
我想說	28
所以可	28
沒有辦	28
沒有辦法	28
他剛才	28
也不是不	28
盾劍怪	28
寄生種	28
生種子	28
寄生種子	28
沒有問	28
沒有問題	28
找夥伴	28
河馬獸	28
來看一	28
那這樣的	28
會不會	27
的空間	27
你可以	27
屬性上	27
的弱點	27
我也是	27
應該就	27
是不太	27
也是不	27
的力度	27
右邊就	27
這就是	27
後排是	27
嘛所以	27
的意思	27
他只要	27
守住吧	27
要下去	27
血然後	27
現在我	27
沒有守	27
沒有守住	27
堅盾劍	27
堅盾劍怪	27
想一下	27
火爆獸	27
自我暗	27
我暗示	27
自我暗示	27
所以說	26
問題是	26
的第一	26
為對面	26
因為對面	26
是選擇	26
的情況下	26
呢就是	26
妖精系	26
能力點	26
晴天隊	26
他的特	26
的影片	26
強化手	26
他如果是	26
蠻強的	26
以我可	26
所以我可	26
來一次他	26
再來一次他	26
大概是	26
他就算	26
可能可	26
先解決	26
我就可	26
我就可以	26
他有可	26
他有可能	26
不是披	26
不是披帶	26
但是沒有	26
那麼好	26
那其實	26
他自己	26
噴射火	26
射火焰	26
噴射火焰	26
其實應	26
實應該	26
其實應該	26
在那邊	26
了因為他	26
刷刷茶	26
的選擇	26
會擊掌	26
好的那	26
的那我	26
一般來	26
般來說	26
一般來說	26
西獅海	26
獅海壬	26
西獅海壬	26
輔助力	26
助力量	26
輔助力量	26
來看一下	26
對手是	26
那這樣的話	26
本來就	25
就不會	25
的咆哮	25
的咆哮虎	25
經常會	25
吧所以	25
會死的	25
有必要	25
我就是	25
以就這	25
所以就這	25
可能可以	25
他也不	25
蠻高的	25
他就是	25
不是圍	25
不是圍巾	25
點不點	25
實可以	25
開晴天	25
能應該	25
也沒什	25
也沒什麼	25
我先下	25
我先下去	25
比較不	25
剩下的	25
我也不會	25
這個回	25
對我來	25
我來說	25
對我來說	25
點不好	25
有點不好	25
金勾臂	25
玄魚的	25
不下去	25
可以了	25
個傷害	25
無防守	25
那這邊	24
現在的	24
如果沒	24
的這個	24
意思是	24
能還是	24
可能還是	24
人可能	24
不可以	24
基本上	24
比較多	24
技能可以	24
快一點	24
順風隊	24
是他的	24
看到我	24
種隊伍	24
以可能	24
後他這裡	24
點右邊	24
邊就好	24
話那我	24
的話那我	24
開個順	24
開個順風	24
右邊好了	24
把我的	24
可能打	24
以就這四	24
所以就這四	24
以就這四個	24
所以就這四個	24
以就這四個吧	24
我的風	24
麼會有	24
一定不會	24
我應該是	24
可能應	24
可能應該	24
首發的	24
上噴火龍	24
上來悲	24
上來悲粗	24
上來悲粗茶	24
這個回合	24
守住好	24
也不是很	24
我剛才	24
有點危	24
有點危險	24
是打不	24
沒有加	24
子彈拳	24
智揮猩	24
對方這	24
所以不	23
有點太	23
現在是	23
後一隻	23
最後一隻	23
但是不	23
輸出手	23
以我就	23
所以我就	23
流星群	23
陸鯊的	23
咬陸鯊的	23
烈咬陸鯊的	23
的特攻	23
我們有	23
的話就	23
最後是	23
會沒有	23
是我可以	23
然後他這裡	23
是很高	23
我也可	23
會直接	23
實也不	23
我的風妖	23
我的風妖精	23
嚇我一	23
所以其	23
以其實	23
的可能性	23
住的話	23
守住的話	23
刷茶炮	23
刷刷茶炮	23
他只能	23
邊下去	23
什麼關	23
麼關係	23
什麼關係	23
所以可能	23
可能想	23
尤其是	23
高速的	23
我可能需	23
我可能需要	23
那你就	23
雖然說	23
死的話	23
是不好打	23
的奇麒	23
的奇麒麟	23
狠辣椒	23
就死了	23
定會中	23
一定會中	23
然後噴	23
精神利	23
神利刃	23
精神利刃	23
一擊必	23
擊必殺	23
一擊必殺	23
的招式	23
最後的	23
也就是	22
確實是	22
就是這	22
根本就	22
就不是	22
是如果	22
個問題	22
沒有人	22
可夢的	22
寶可夢的	22
以選擇	22
可以選擇	22
這個技	22
這個技能	22
的雨天	22
就算了	22
的話可	22
邊可以	22
好幾個	22
果你想	22
如果你想	22
打他的	22
的所以我	22
擊掌左	22
掌左邊	22
擊掌左邊	22
換下去	22
是我不	22
右邊是	22
我也可以	22
吧然後	22
雨天的	22
開雨天	22
應該先	22
其實也不	22
不知道他	22
他首發	22
威嚇我一	22
嚇我一下	22
威嚇我一下	22
怎麼會有	22
我也沒	22
所以其實	22
我是不會	22
定不會死	22
剛好死	22
能會沒	22
可能會沒	22
應該還	22
嚇一下	22
威嚇一下	22
吧因為他	22
會點守	22
會點守住	22
不守住	22
這種隊	22
這種隊伍	22
下回合	22
對面這	22
能比較好	22
可能比較好	22
雙點左	22
雙點左邊	22
有順風	22
需要一	22
會非常	22
好了就	22
是沒有差	22
們這個	22
我們這個	22
尾玄魚的	22
幽尾玄魚的	22
就可以了	22
暴鯉龍	22
想一次	22
冥想一次	22
大家好	21
實際上	21
是真的	21
再加上	21
其實就	21
我們還	21
有技能可	21
差很多	21
的而且	21
特攻手	21
如果要	21
就是我們	21
個隊伍的	21
不一樣	21
也不太	21
之後我	21
麼好打	21
他的物	21
會死啦	21
就是我可	21
死所以	21
幾個人	21
要是我	21
打不了	21
也是一	21
這一場	21
來的話	21
為這個	21
沒有機	21
沒有機會	21
他一定會	21
為我可	21
因為我可	21
有我快	21
可能我	21
其實可以	21
定可以	21
守住嗎	21
加一個	21
守住啦	21
一半左	21
半左右	21
一半左右	21
個噴火	21
他也可能	21
不需要	21
比較麻	21
較麻煩	21
比較麻煩	21
打這隊	21
裡可能	21
這裡可能	21
我不會死	21
不出來	21
但是因	21
為他可	21
但是因為	21
因為他可	21
太好打	21
他如果點	21
都不會	21
要不要	21
加農光	21
話我就	21
的話我就	21
以我這	21
所以我這	21
三旋擊	21
上龍頭	21
上龍頭地	21
上龍頭地鼠	21
我這樣	21
直接打	21
他擊掌	21
這個傷	21
這個傷害	21
是大嘴	21
應該也	21
然後這	21
然後對	21
尖石攻	21
石攻擊	21
尖石攻擊	21
還沒有	20
也不一	20
我們今	20
們今天	20
我們今天	20
環境中	20
所以大	20
的擊掌	20
沒有技能可	20
帶守住	20
順風的	20
會變成	20
強化隊	20
以首發	20
妖精的	20
他是不	20
惡之波	20
惡之波動	20
邊就好了	20
個守住	20
左邊的	20
主要是我	20
左邊可	20
完全打	20
全打不	20
完全打不	20
死但是	20
傷害還	20
那我可以	20
也不知	20
也不知道	20
打這一	20
打這一隊	20
好打的	20
突襲我	20
會死他	20
不太確	20
太確定	20
不太確定	20
我的意	20
我的意思	20
一下吧	20
不太可	20
太可能	20
不太可能	20
我可能應	20
我可能應該	20
很麻煩	20
為我的	20
因為我的	20
他點守	20
他點守住	20
就行了	20
那可能	20
點的是	20
能也會	20
可能也會	20
反射壁	20
也打不	20
可能好	20
他可能想	20
可能就是	20
不太好打	20
雙守住	20
非常多	20
倒是沒有	20
加耐久	20
不會死我	20
一樣的	20
個什麼	20
農光炮	20
加農光炮	20
直接把	20
吧因為我	20
後我這	20
後我上	20
打死的	20
輔助手	20
我後排	20
彩粉蝶	20
後噴火	20
的攻擊	19
是現在	19
差一點	19
也不一定	19
沒辦法	19
我們也	19
有人在	19
是什麼呢	19
開天氣	19
所以對	19
個規則	19
後一個	19
合理的	19
比較強	19
最常見	19
能可以打	19
有技能可以	19
在空間下	19
我已經	19
是隊伍	19
吧就是	19
類型的	19
了因為我	19
嚇他一	19
威嚇他一	19
我甚至	19
能會想	19
不然我	19
可能會想	19
地面系	19
該是不會死	19
應該是不會死	19
守住因	19
住因為	19
守住因為	19
能不是	19
可能不是	19
一定不會死	19
會剛好死	19
擊中了	19
點不點守	19
點不點守住	19
的意思是	19
我的意思是	19
是這個	19
會被我	19
實也沒	19
其實也沒	19
因為大	19
為我這	19
因為我這	19
啦就是	19
我的後	19
我的後排	19
抗惡果	19
能還好	19
可能還好	19
右邊換	19
不好意	19
好意思	19
不好意思	19
你這個	19
有兩個	19
任何一	19
能好一	19
可能好一	19
能好一點	19
可能好一點	19
雖然他	19
有雨天	19
的大嘴	19
擊掌奇	19
傷害不	19
的仆斬	19
這樣可	19
他速度	19
不是不可	19
不是不可能	19
要守住	19
兩個都	19
這樣點	19
我們只	19
我要怎	19
我要怎麼	19
這是個	19
然後噴火	19
變小一	19
樣的話我	19
這樣的話我	19
後的話	19
最後的話	19
了一個	18
就是為	18
一下這	18
讓我們	18
在這個	18
什麼不	18
個人的	18
並沒有	18
要一個	18
實不是	18
點擊掌	18
可以是	18
外一個	18
另外一個	18
特性是	18
以這個	18
的強化	18
最後一個	18
如果對	18
最常見的	18
是對面	18
以打他	18
可以打他	18
技能可以打	18
沒有技能可以	18
打草結	18
個就是我	18
這個就是我	18
還不會	18
一個隊	18
以我可以	18
所以我可以	18
他想說	18
的耐久	18
右邊就好	18
他如果不	18
啦然後	18
邊可能會	18
就不用	18
還好因	18
還好因為	18
好因為他	18
一下好	18
我覺得我	18
是想要	18
我也不知	18
因為這個	18
我也不知道	18
這個遊	18
個遊戲	18
這個遊戲	18
隊的話	18
我也沒有	18
不好我	18
打死他	18
能會比	18
可能會比	18
多耐久	18
什麼傷	18
麼傷害	18
什麼傷害	18
的威力	18
稍微有	18
我不知	18
我不知道	18
不是披帶的	18
下去他	18
需要猜	18
這邊可	18
較好因	18
比較好因	18
較好因為	18
比較好因為	18
鰻魚王	18
吧就這	18
也沒差	18
死因為	18
吃個剩	18
個剩飯	18
吃個剩飯	18
這個有	18
沒有輸	18
也有可	18
也有可能	18
回合我	18
是有可	18
為他可能	18
因為他可能	18
他這一	18
他這一隊	18
他也可能會	18
耿鬼的	18
進攻屬	18
攻屬性	18
進攻屬性	18
而且也	18
的披帶	18
了就這	18
了就這四	18
了就這四個	18
了就這四個吧	18
沒有帶	18
我也不會死	18
會死嗎	18
也不是不可	18
也不是不可能	18
然後我這	18
這裡我	18
啦因為我	18
是雨天	18
下然後	18
力量寶	18
量寶石	18
力量寶石	18
打死的話	18
左邊好	18
還是可	18
復原了	18
要怎麼辦	18
下去的	18
是大嘴鷗	18
體技能	18
突飛猛	18
飛猛撲	18
突飛猛撲	18
空間吧	18
蜥蜴王	18
了好的	18
們就直	18
我們就直	18
們就直接	18
我們就直接	18
盔甲鳥	18
特攻特	18
恰雷姆	18
滅之光	18
冰山風	18
那最後	18
對方是	18
還有一個	17
了而且	17
在沒有	17
非常有	17
擊掌的	17
是仆斬	17
後排的	17
個位置	17
急速折	17
急速折返	17
這個隊伍的	17
但是也	17
別的技	17
別的技能	17
安全的	17
吧可能	17
可以順	17
該是會死	17
應該是會死	17
太強了	17
好了吧	17
三個人	17
點攻擊	17
會想要	17
點攻擊技	17
點攻擊技能	17
次他的	17
一次他的	17
左邊我	17
強化的	17
之力打	17
有差很	17
沒有差很	17
有差很多	17
沒有差很多	17
完美的	17
的好處	17
其實他	17
能會剛	17
可能會剛	17
能會剛好	17
可能會剛好	17
會有一	17
還是比	17
沒有我	17
裡可以	17
這裡可以	17
耐久的	17
後我就	17
好不好我	17
為他如	17
因為他如	17
為他如果	17
因為他如果	17
點點吧	17
一點點吧	17
的我們	17
是文柚	17
柚果的	17
是文柚果	17
文柚果的	17
會下去	17
都還好	17
左邊就	17
這裡應	17
裡應該	17
這裡應該	17
現在就	17
好因為我	17
吧就這四	17
吧就這四個	17
是特攻	17
特攻的	17
是物攻	17
能沒有	17
好了我	17
就只是	17
以我的	17
對面是	17
該是沒	17
應該是沒	17
一次我	17
是有可能	17
下去上	17
什麼差	17
為我現	17
因為我現	17
為我現在	17
因為我現在	17
不會有	17
個人是	17
掌奇襲	17
擊掌奇襲	17
以我應	17
以我應該	17
了一點	17
會需要	17
就是一個	17
很容易	17
其他的	17
四倍弱	17
甜冷美	17
冷美后	17
甜冷美后	17
我知道	17
會擊掌我	17
後我可	17
我會死	17
兩回合	17
一個技	17
一個技能	17
拋下去	17
的手段	17
現在有	17
剩一點	17
猜對了	17
已經結	17
經結束	17
已經結束	17
一下然	17
一下然後	17
現在還	17
打噴火	17
什麼用	17
有影響	17
是不錯	17
冰凍光	17
凍光束	17
冰凍光束	17
是守住	17
通常會	17
的輔助	17
然後我上	17
就是你	17
污泥波	17
他應該會	17
的物防	17
他打死	17
果沒有	17
上大嘴	17
不然他	17
持久力	17
攻特防	17
特攻特防	17
破滅之	17
破滅之光	17
水流裂	17
流裂破	17
水流裂破	17
催眠術	17
到我們	17
冰柱墜	17
柱墜擊	17
冰柱墜擊	17
對方的	17
龍之舞	17
仙子伊	17
子伊布	17
仙子伊布	17
是很強	16
確定他	16
年輕人	16
這樣就	16
一個很	16
太高了	16
什麼都	16
呢因為	16
很可能	16
下我們	16
的玩家	16
個非常	16
我自己	16
能會不	16
可能會不	16
是索羅	16
是索羅亞	16
是索羅亞克	16
在朱紫	16
可以在	16
是仆斬將	16
是仆斬將軍	16
富豪的	16
賽富豪的	16
很嚴重	16
好打他	16
一方面	16
是我們的	16
的賽富	16
的賽富豪	16
是隊伍的	16
的選出	16
第一次	16
我的隊	16
我的隊伍	16
在遊戲	16
玩看看	16
以我其	16
所以我其	16
以我其實	16
所以我其實	16
還蠻強	16
還蠻強的	16
守住就	16
什麼道	16
好的我	16
打我左	16
打我左邊	16
來一次他的	16
再來一次他的	16
比較保	16
好了他	16
我首發	16
中一個	16
剛好沒	16
沒什麼傷	16
沒什麼傷害	16
的快龍	16
現在已	16
在已經	16
現在已經	16
他有可能會	16
贏了啦	16
以防他	16
了那就	16
沼怪的	16
巨沼怪的	16
比我慢	16
適應力	16
加一個人	16
左邊是	16
知道我	16
不死我	16
的風險	16
沒有擊	16
能是圍	16
可能是圍	16
能是圍巾	16
可能是圍巾	16
看不太	16
可能沒有	16
抵抗的	16
可能要	16
還算是	16
就一定	16
除非我	16
他的速	16
他的速度	16
為他可能會	16
因為他可能會	16
後排有	16
會有點	16
是沒差	16
沒有特	16
如果這	16
所以我應	16
所以我應該	16
在場上	16
他的特性	16
能所以	16
是擊掌	16
哮虎的	16
咆哮虎的	16
何一個	16
任何一個	16
格鬥系	16
制技能	16
需要一個	16
覺得這	16
打烈咬	16
個比較	16
三回合	16
嗎其實	16
那也是	16
以可以	16
樣可能	16
很好打	16
打噴火龍	16
點就是	16
左邊好了	16
還是可以	16
下一個	16
我是抗	16
我要怎麼辦	16
要開空	16
要開空間	16
好打我	16
點岩崩	16
不一定會中	16
吸取力	16
取力量	16
吸取力量	16
也是有	16
後對面	16
然後對面	16
的能力	16
可以幫	16
冥想一下	16
我們來	16
樣我們	16
我方這	16
樣的話我們	16
這樣的話我們	16
是直接	15
就是為了	15
我們再	15
是什麼意	15
是什麼意思	15
說這個	15
也不好	15
非常不	15
為現在	15
可能都	15
的結果	15
後我們	15
個寶可	15
個寶可夢	15
這是一	15
們就來	15
我們就來	15
個特性	15
其實有	15
的屬性	15
威力的	15
在屬性	15
在屬性上	15
隊所以	15
火龍跟	15
噴火龍跟	15
第二個	15
跟噴火	15
他有沒	15
能會打	15
他有沒有	15
火龍隊	15
噴火龍隊	15
看這個	15
他這個隊	15
他這個隊伍	15
能會守	15
可能會守	15
能會守住	15
可能會守住	15
看他點	15
好像也	15
沒有用	15
我第一	15
是可以打	15
較保險	15
比較保險	15
後我再	15
然後我再	15
覺得可	15
現在不	15
想不到	15
但是你	15
麼道具	15
什麼道具	15
有點怕	15
風然後	15
只是我	15
一定可	15
一定可以	15
為他這裡	15
因為他這裡	15
以再來	15
可以再來	15
以再來一	15
可以再來一	15
以再來一次	15
可以再來一次	15
爽朗的	15
是那麼好	15
不是那麼好	15
果是這	15
如果是這	15
上賽富	15
上賽富豪	15
有擊中	15
沒有擊中	15
左邊他	15
吧就這四個吧	15
左邊換	15
看到這	15
邊換人	15
這裡如	15
裡如果	15
這裡如果	15
不怎麼樣	15
他還是	15
有輸出	15
還是有點	15
所以我的	15
的花葉	15
的花葉蒂	15
能會是	15
我可以先	15
一點因	15
一點因為	15
順風手	15
點巨聲	15
是因為他	15
開光牆	15
龍然後	15
話可能	15
的話可能	15
能想說	15
可能想說	15
他可能想說	15
快所以	15
的大嘴鷗	15
血然後我	15
滅歌隊	15
滅歌的	15
他點不	15
技能所	15
技能所以	15
飛行系	15
以秒殺	15
我才會	15
也不要	15
防一下	15
打烈咬陸	15
打烈咬陸鯊	15
好了就這	15
好了就這四	15
好了就這四個	15
都不會死	15
所以你	15
不能夠	15
好很好	15
同時剋	15
時剋制	15
同時剋制	15
該不會	15
知道是	15
果他是	15
如果他是	15
是一定要	15
會死吧	15
是不知	15
是不知道	15
只能點	15
滿血的	15
好那我	15
就可以打	15
就贏了	15
經結束了	15
已經結束了	15
不是圍巾的	15
岩石系	15
時候我	15
吃剩飯	15
是還好	15
我選擇	15
能量球	15
不可能會	15
的因為他	15
這樣可能	15
他也是	15
力左邊	15
會畏縮	15
把他打	15
基礎威	15
礎威力	15
基礎威力	15
空間開	15
的優勢	15
如果沒有	15
只有一	15
的鋁鋼	15
的鋁鋼橋	15
的鋁鋼橋龍	15
能是最	15
震自己	15
的位置	15
那接下	15
那接下來	15
這邊的	15
看一下對	15
那這樣我	15
這樣我們	15
那這樣我們	15
冠蜥哥	15
黎巴嫩	14
會繼續	14
甚至還	14
但是這	14
他也沒	14
他也沒有	14
在是太	14
實在是太	14
留言區	14
有這種	14
今天來	14
們今天來	14
我們今天來	14
這是一個	14
打對戰	14
然後我們	14
為他是	14
威嚇的	14
人在用	14
為他有	14
因為他有	14
們兩個	14
很好的	14
極速的	14
有技能可以打	14
可以保	14
是風妖	14
是風妖精	14
沒有可	14
沒有可能	14
的功能	14
選出方	14
出方式	14
選出方式	14
會首發	14
因為如	14
為如果	14
因為如果	14
的再來	14
是因為我	14
的機會	14
那麼多	14
今天的	14
不太一	14
遊戲內	14
在遊戲內	14
擊掌他	14
嚇他一下	14
威嚇他一下	14
就是我可以	14
這裡就	14
右邊就好了	14
能會想要	14
可能會想要	14
後他如	14
然後他如	14
後他如果	14
然後他如果	14
不客氣	14
左邊可能	14
他點什	14
他點什麼	14
打得死	14
啦所以我	14
以打我	14
該是可	14
應該是可	14
該是可以	14
應該是可以	14
吸取拳	14
我先守	14
下好了	14
一下好了	14
也沒有差	14
個滅歌	14
個力度	14
定要選	14
一定要選	14
其中一個	14
上仆斬	14
上仆斬將	14
上仆斬將軍	14
先點個	14
很好我	14
好沒死	14
剛好沒死	14
要強化	14
上幽尾	14
上幽尾玄	14
上幽尾玄魚	14
能是披	14
可能是披	14
能是披帶	14
可能是披帶	14
就會有	14
果不是	14
如果不是	14
有很嚴	14
中了要	14
了要害	14
沒有很嚴	14
有很嚴重	14
擊中了要	14
中了要害	14
沒有很嚴重	14
擊中了要害	14
高一點	14
沒有我快	14
火龍的話	14
噴火龍的話	14
然後我就	14
能會點守	14
可能會點守	14
能會點守住	14
可能會點守住	14
不是很高	14
我可以再	14
了那就戰	14
了那就戰勝	14
了那就戰勝了	14
的雨天隊	14
為我是	14
就不會死	14
他地震	14
是一定會	14
我沒死	14
點所以	14
能是圍巾的	14
可能是圍巾的	14
個噴火龍	14
就好了因	14
就好了因為	14
守住我	14
右邊可	14
沒有輸出	14
一下就	14
要死了	14
個天氣	14
可能會是	14
是可能	14
裡可能會	14
這裡可能會	14
地震的	14
沒事做	14
不好說	14
是他如	14
是他如果	14
人的話	14
還是會死	14
我的話	14
好沒有	14
一點就	14
是大狃	14
是大狃拉	14
他是圍	14
他是圍巾	14
右邊下	14
右邊下去	14
可能會打	14
我們在	14
該怎麼	14
隔音的	14
火龍加	14
噴火龍加	14
的天氣	14
就只有	14
可以秒殺	14
的仆斬將	14
的仆斬將軍	14
這種類	14
種類型	14
這種類型	14
我的頻	14
的頻道	14
我的頻道	14
傷害蠻	14
很好很	14
很好很好	14
他不可	14
應該不會	14
是抗鬥	14
是抗鬥果	14
是合理	14
不知道是	14
不用想	14
好的那我	14
加速度	14
那我這	14
那我也	14
多速度	14
剩一點點	14
還不會死	14
的如果	14
還是他	14
個雨天	14
一下還	14
象球打	14
氣象球打	14
是空間	14
他就會死	14
冥想的	14
的美納	14
的美納斯	14
抗草果	14
很多時	14
空間手	14
的話也	14
速模式	14
還是蠻	14
後再來	14
還沒死	14
死我的	14
是我也	14
砍右邊	14
這裡點	14
催眠粉	14
雙點我	14
去的話	14
下去的話	14
這裡不	14
是鋁鋼	14
是鋁鋼橋	14
是鋁鋼橋龍	14
把他打死	14
群體技	14
群體技能	14
就比較	14
是個什	14
是個什麼	14
上大嘴鷗	14
還好啦	14
晴天下	14
邊然後我	14
可夢對	14
夢對戰	14
寶可夢對	14
可夢對戰	14
寶可夢對戰	14
個隊友	14
可能是最	14
後面的	14
路卡利	14
卡利歐	14
路卡利歐	14
看到我們	14
長耳兔	14
下來的	14
方這邊	14
對方這邊	14
攻擊力	14
那這樣的話我	14
到現在	13
以色列	13
這個還	13
了雖然	13
起來很	13
直接開	13
歡迎在	13
迎在留	13
在留言	13
歡迎在留	13
迎在留言	13
在留言區	13
歡迎在留言	13
迎在留言區	13
歡迎在留言區	13
話其實	13
其實都	13
沒有人在	13
使用率	13
隊伍裡	13
幾乎都	13
非常高	13
個組合	13
的特性是	13
一次的	13
就非常	13
他們兩	13
他們兩個	13
果對面	13
如果對面	13
是剋制	13
快一點點	13
以保證	13
可以保證	13
很難打	13
的物攻手	13
妖精跟	13
風妖精跟	13
就是我們的	13
第二回	13
二回合	13
第二回合	13
帶什麼	13
可以帶	13
比較有	13
的主要	13
首發可	13
不太會	13
換人的	13
比較大	13
難打的	13
個配置	13
來玩看	13
隊伍吧	13
來玩看看	13
起來像	13
看起來像	13
可以首	13
一個隊伍	13
可以首發	13
他的物攻	13
雙點右	13
雙點右邊	13
想要先	13
他可能會想	13
可是要	13
被威嚇	13
我可是	13
不能幹	13
我感覺	13
球左邊	13
我比較	13
麼樣都	13
怎麼樣都	13
有任何	13
擊中我	13
第二次	13
可以打我	13
我應該先	13
我其實也	13
加多少	13
我覺得可	13
就會比	13
是相當	13
技能我	13
一隊的	13
這一隊的	13
風妖精的	13
的第一回	13
的第一回合	13
防很高	13
近戰打	13
可以開	13
有強化	13
是賽富	13
順風吧	13
是賽富豪	13
我不太	13
微有點	13
稍微有點	13
都有可	13
都有可能	13
不要了	13
沒有中	13
是沒有關	13
但是我們	13
我速度	13
速度比	13
他只要不	13
且他也	13
而且他也	13
的機率	13
是爽朗	13
固執的	13
這種事	13
能是不	13
上奇麒	13
上奇麒麟	13
比較可	13
人然後	13
那麼好打	13
畏縮了	13
我再來	13
我再來一	13
我再來一次	13
一個問	13
一個問題	13
實可能	13
掉的話	13
是我先	13
可以無	13
打不死我	13
要左邊	13
會比他	13
為什麼不	13
我想要	13
他等一	13
他等一下	13
他兩個	13
較好打	13
比較好打	13
後排可	13
點月亮	13
點月亮之	13
點月亮之力	13
然後打	13
是白色	13
是白色香	13
是白色香草	13
上巨沼	13
上巨沼怪	13
非本系	13
死不了	13
上大狃	13
上大狃拉	13
是我要	13
不相信	13
的進攻	13
天滅歌	13
一個不	13
他本身	13
魂眼的	13
勾魂眼的	13
輸出的	13
多人的	13
空間是	13
型的影	13
個喜歡	13
知道你	13
有興趣	13
種類型的	13
型的影片	13
這種類型的	13
能會擊	13
可能會擊	13
能會擊掌	13
可能會擊掌	13
先把他	13
想說我	13
倒是沒有差	13
然後我可	13
就是那	13
好但是	13
他不可能	13
狃拉的	13
大狃拉的	13
沒關係	13
波導彈	13
到一半	13
的勾魂	13
的勾魂眼	13
掌我的	13
擊掌我的	13
還是先	13
手所以	13
是我可能	13
是幽尾	13
是幽尾玄	13
是幽尾玄魚	13
這幾個	13
龍守住	13
點個守	13
點個守住	13
中異常	13
因為現	13
因為現在	13
有天氣	13
是滿血	13
一定有	13
麻煩一	13
煩一點	13
麻煩一點	13
什麼好	13
害蠻高	13
傷害蠻高	13
直接換	13
上晶光	13
上晶光花	13
是不能	13
的守住	13
沒有影	13
沒有影響	13
不可能打	13
保證擊	13
證擊殺	13
保證擊殺	13
可以有	13
多時候	13
很多時候	13
主流隊	13
流隊伍	13
主流隊伍	13
的效果	13
武道熊	13
道熊師	13
武道熊師	13
然後再來	13
後再來一	13
尖刺防	13
刺防守	13
尖刺防守	13
個晴天	13
但其實	13
我就直	13
他點不點	13
我之前	13
那也沒	13
打出我	13
出我的	13
速度的	13
已經有	13
加特攻	13
邊應該	13
需要先	13
到天氣	13
是強化	13
能是最好	13
可能是最好	13
能是最好的	13
可能是最好的	13
以我這裡	13
所以我這裡	13
的大竺	13
的大竺葵	13
一個大	13
好的選	13
可以我	13
溶化一	13
鐵壁一	13
到對手	13
詭角鹿	13
以看到我	13
可以看到我	13
來看一下對	13
這邊先	13
跟你說	13
就已經	12
意思呢	12
麼意思呢	12
什麼意思呢	12
樣就是	12
全部都	12
多一點	12
就變成	12
到底是	12
實就是	12
其實不是	12
不是一	12
們還是	12
天來玩	12
今天來玩	12
們今天來玩	12
我們今天來玩	12
傷害計	12
害計算	12
傷害計算	12
實不太	12
一個非	12
一個非常	12
適合搭	12
合搭配	12
適合搭配	12
剋制的	12
的組合	12
這個組	12
有三個	12
所以這個	12
高威力	12
哮虎是	12
咆哮虎是	12
就完全	12
了一下	12
而且有	12
以先手	12
可以先手	12
多所以	12
有沒有可	12
有沒有可能	12
就需要	12
可以用	12
得一定	12
太一樣	12
跟我分	12
我分享	12
分享你	12
享你的	12
你的看	12
的看法	12
後是我	12
不太一樣	12
跟我分享	12
我分享你	12
分享你的	12
享你的看	12
你的看法	12
最後是我	12
後是我的	12
是我的隊	12
跟我分享你	12
我分享你的	12
分享你的看	12
享你的看法	12
最後是我的	12
後是我的隊	12
是我的隊伍	12
跟我分享你的	12
我分享你的看	12
分享你的看法	12
最後是我的隊	12
後是我的隊伍	12
戲內的	12
這個配	12
遊戲內的	12
這個配置	12
在遊戲內的	12
自動組	12
動組隊	12
自動組隊	12
就來玩	12
看看這	12
們就來玩	12
就來玩看	12
玩看看這	12
看看這個	12
看這個隊	12
個隊伍吧	12
那我們就來	12
我們就來玩	12
們就來玩看	12
就來玩看看	12
來玩看看這	12
玩看看這個	12
看看這個隊	12
看這個隊伍	12
這個隊伍吧	12
那我們就來玩	12
我們就來玩看	12
們就來玩看看	12
就來玩看看這	12
來玩看看這個	12
玩看看這個隊	12
看看這個隊伍	12
看這個隊伍吧	12
個強化	12
他的大	12
部分的	12
人其實	12
可以可	12
一下因	12
下因為	12
一下因為	12
就打不	12
他畏縮	12
好然後	12
惡系技	12
惡系技能	12
他是不是	12
的厲害	12
是咆哮	12
是咆哮虎	12
我是不是	12
能的話	12
技能的話	12
一下可	12
的岩崩	12
影球打	12
暗影球打	12
能幹啥	12
也不能幹	12
不能幹啥	12
打兩下	12
實沒有差	12
其實沒有差	12
會死但	12
是一樣	12
沒有任	12
沒有任何	12
啦因為他	12
萬針魚	12
人可以	12
有傷害	12
亮之力打	12
月亮之力打	12
以我覺	12
能也還	12
以我覺得	12
可能也還	12
這個力	12
這個力度	12
是這麼	12
是勾魂	12
是勾魂眼	12
也只能	12
居然還	12
他突襲	12
我比他	12
先開個	12
好直接	12
對面噴	12
面噴火	12
對面噴火	12
面噴火龍	12
對面噴火龍	12
順風然	12
我這裡可	12
順風然後	12
是我應	12
是我應該	12
因為噴	12
為噴火	12
因為噴火	12
防我的	12
差因為	12
為我不	12
百分之	12
是贏了	12
覺得他	12
就會被	12
能不會	12
可能不會	12
話我可	12
實也沒有	12
的話我可	12
其實也沒有	12
滿地都	12
地都是	12
滿地都是	12
他的首	12
他的首發	12
直接點	12
我這兩	12
是爽朗的	12
是固執	12
是假的	12
因為我是	12
但是有	12
可能是不	12
擊掌然	12
掌然後	12
擊掌然後	12
住右邊	12
還是需	12
還是需要	12
這邊可以	12
是我覺	12
是我覺得	12
下可以	12
反正你	12
他也可以	12
關係我	12
不動我	12
打不動我	12
會比較好一	12
會比較好一點	12
開出來	12
點我的	12
直接被	12
為我也	12
因為我也	12
現在可	12
陸鯊那	12
咬陸鯊那	12
烈咬陸鯊那	12
還在那	12
還在那邊	12
回合就	12
剋制他	12
好吧那	12
有什麼關	12
有什麼關係	12
為他一	12
因為他一	12
他可能會點	12
我技能	12
他就不	12
要換人	12
他如果這	12
也打不死	12
是沒什	12
是沒什麼	12
的沙暴	12
雨天滅	12
雨天滅歌	12
有一個人	12
個擊掌	12
換上我	12
麒麟的	12
奇麒麟的	12
有哪些	12
是沙暴	12
守住這	12
的問題是	12
比方說	12
在開始	12
道你有	12
知道你有	12
且也不	12
而且也不	12
快手還	12
手還擊	12
快手還擊	12
可以威	12
點不好打	12
有點不好打	12
點突襲	12
的話其	12
的話其實	12
滅歌三	12
是有一	12
拋一下	12
妖火紅	12
火紅狐	12
妖火紅狐	12
能會選	12
可能會選	12
鬥果的	12
抗鬥果的	12
上鋁鋼	12
上鋁鋼橋	12
上鋁鋼橋龍	12
我就上	12
上班基	12
上班基拉	12
上班基拉斯	12
要擊掌	12
哮虎吧	12
咆哮虎吧	12
守住一	12
住一下	12
守住一下	12
右邊不	12
點守住的	12
我擊掌	12
果他有	12
你可能	12
這裡會	12
我兩個	12
是我就	12
被雙殺	12
的性格	12
一次右	12
次右邊	12
來一次右	12
一次右邊	12
再來一次右	12
來一次右邊	12
再來一次右邊	12
了所以我	12
得比較	12
他下去	12
後我這裡	12
然後我這裡	12
為我可以	12
因為我可以	12
他技能	12
搶天氣	12
可以守	12
死掉的	12
死掉的話	12
後我守	12
然後我守	12
為他現	12
因為他現	12
為他現在	12
因為他現在	12
可以剋	12
以剋制	12
可以剋制	12
上一個	12
比較快	12
好的隊	12
選擇的	12
也是會	12
發的是	12
首發的是	12
點熱風	12
然後再來一	12
後再來一次	12
然後再來一次	12
邊打死	12
左邊要	12
能會被	12
可能會被	12
了那我	12
我就直接	12
也無所	12
也無所謂	12
有的話	12
我是不會死	12
為我需	12
因為我需	12
為我需要	12
因為我需要	12
那這裡	12
的晴天	12
不太出	12
太出來	12
看不太出	12
不太出來	12
看不太出來	12
我不能	12
把空間	12
他守住	12
風速狗	12
且我們	12
以如果	12
就是會	12
開空間的	12
上煤炭	12
上煤炭龜	12
他這隊	12
該也是	12
應該也是	12
麼厲害	12
右邊然後我	12
是岩崩	12
對戰的	12
我們要	12
有特性	12
真氣彈	12
電磁波	12
蠻多的	12
拋下狠	12
下狠話	12
拋下狠話	12
虛張聲	12
張聲勢	12
虛張聲勢	12
是完全沒	12
還是要	12
右邊的	12
再冥想	12
小一次	12
變小一次	12
說我們	12
門寶可	12
門寶可夢	12
對面選	12
我方的	12
系的招	12
系的招式	12
以看到我們	12
可以看到我們	12
接下來的	12
打對手	12
哦對方	12
馬上進	12
上進入	12
馬上進入	12
我們下	12
關鍵的	11
而不是	11
真的有	11
普通的	11
的一個	11
已經沒	11
已經不	11
大多數	11
所以有	11
都不太	11
我們還是	11
是很多	11
不是有	11
些人會	11
有些人會	11
其實不太	11
目前環	11
前環境	11
目前環境	11
一隻寶	11
一隻寶可	11
一隻寶可夢	11
隊伍有	11
就可能	11
這個特	11
特性的	11
這個規	11
這個規則	11
這個組合	11
有擊掌	11
擊掌輔	11
掌輔助	11
擊掌輔助	11
的輸出手	11
是一個很	11
跟烈咬	11
跟烈咬陸	11
跟烈咬陸鯊	11
會打不	11
是能力	11
是能力點	11
快然後	11
順風下	11
他也會	11
是首發	11
一次就	11
甚至可	11
的再來一	11
的再來一次	11
對面有	11
也算是	11
下對手	11
會覺得	11
不見得	11
天的問	11
今天的問	11
天的問題	11
今天的問題	11
得一定要	11
言區跟	11
區跟我	11
看法最	11
法最後	11
留言區跟	11
言區跟我	11
區跟我分	11
的看法最	11
看法最後	11
法最後是	11
在留言區跟	11
留言區跟我	11
言區跟我分	11
區跟我分享	11
你的看法最	11
的看法最後	11
看法最後是	11
法最後是我	11
迎在留言區跟	11
在留言區跟我	11
留言區跟我分	11
言區跟我分享	11
區跟我分享你	11
享你的看法最	11
你的看法最後	11
的看法最後是	11
看法最後是我	11
法最後是我的	11
內的訓	11
的訓練	11
訓練輸	11
練輸入	11
可以按	11
以按照	11
按照這	11
照這個	11
戲內的訓	11
內的訓練	11
的訓練輸	11
訓練輸入	11
就可以按	11
可以按照	11
以按照這	11
按照這個	11
照這個配	11
遊戲內的訓	11
戲內的訓練	11
內的訓練輸	11
的訓練輸入	11
就可以按照	11
可以按照這	11
以按照這個	11
按照這個配	11
照這個配置	11
在遊戲內的訓	11
遊戲內的訓練	11
戲內的訓練輸	11
內的訓練輸入	11
就可以按照這	11
可以按照這個	11
以按照這個配	11
按照這個配置	11
組隊來	11
隊來用	11
動組隊來	11
組隊來用	11
自動組隊來	11
動組隊來用	11
自動組隊來用	11
以順便	11
可以順便	11
直接淘	11
就好了吧	11
就夠了	11
左邊不	11
去然後	11
是這樣子	11
我可是要	11
也不能幹啥	11
需要打	11
超能系	11
精神之	11
神之牙	11
精神之牙	11
我都不	11
了他可	11
可以投	11
先守一	11
得可能	11
所以我覺	11
覺得可能	11
所以我覺得	11
那就是	11
會死然	11
會死然後	11
為了打	11
理論上	11
會剛好沒	11
會剛好沒死	11
為我們這	11
因為我們這	11
不會死他	11
嘛所以我	11
能會剛好死	11
可能會剛好死	11
帶的話	11
很多耐	11
很多耐久	11
還是你	11
是你說	11
速度加	11
中右邊	11
加上我	11
一次吧	11
因為我不	11
能也不	11
掃墓的	11
並不是很	11
我是一	11
我可能可	11
我可能可以	11
取決於	11
好一點點吧	11
是巨沼	11
是巨沼怪	11
道具的	11
一點他	11
下去我	11
要首發	11
不知道我	11
有噴火	11
這裡需	11
裡需要	11
這裡需要	11
守住右	11
守住右邊	11
他的噴	11
他好了	11
其實可能	11
是抗惡	11
是抗惡果	11
攻技能	11
到這個	11
他這裡如	11
他這裡如果	11
邊換上	11
是不用	11
那是很	11
你說這	11
嗎可能	11
這個時	11
不了的	11
是要死	11
悠遊自	11
遊自如	11
悠遊自如	11
天隊對	11
人會帶	11
點守住他	11
來一次我	11
為他會	11
因為他會	11
死掉就	11
開不出	11
剋制我	11
能會換	11
可能會換	11
沒什麼關	11
沒什麼關係	11
四個人是	11
第四個人是	11
下去吧	11
賭一下	11
比較低	11
他不知	11
他不知道	11
該是沒有	11
應該是沒有	11
不能點	11
比對面	11
擊左邊	11
就是我要	11
以前的	11
本身的	11
種配置	11
是我需	11
只要一	11
是我需要	11
能因為	11
上我們	11
有非常	11
本系的	11
攻種族	11
的耿鬼	11
至少我	11
無形拳	11
我覺得這	11
你想看	11
想看到	11
看到更	11
到更多	11
更多這	11
按個喜	11
果你想看	11
你想看到	11
想看到更	11
看到更多	11
按個喜歡	11
如果你想看	11
果你想看到	11
你想看到更	11
想看到更多	11
如果你想看到	11
果你想看到更	11
你想看到更多	11
訂閱我	11
閱我的	11
訂閱我的	11
閱我的頻	11
訂閱我的頻	11
閱我的頻道	11
訂閱我的頻道	11
伏特替	11
特替換	11
伏特替換	11
的話對	11
定會有	11
一定會有	11
我剛剛	11
歌三回	11
滅歌三回	11
歌三回合	11
滅歌三回合	11
是以防	11
會被秒	11
隨便點	11
點一個	11
技能就	11
就是那麼	11
一次解	11
次解除	11
來一次解	11
一次解除	11
再來一次解	11
來一次解除	11
再來一次解除	11
不過還	11
我至少	11
嗎應該	11
可以的	11
算是合	11
算是合理	11
不到一	11
不到一半	11
可以可以	11
不一定要	11
加奇麒	11
加奇麒麟	11
我的咆	11
我的咆哮	11
我的咆哮虎	11
然後大	11
不是很強	11
點什麼都	11
如果他有	11
個沙暴	11
狃拉可	11
他這裡會	11
排是誰	11
後排是誰	11
只要沒	11
對面首	11
好了因為我	11
會剩一	11
會剩一點	11
在是沒	11
光束打	11
我打他	11
技能他	11
光花的	11
晶光花的	11
他是圍巾的	11
死就是	11
是班基	11
是班基拉	11
是班基拉斯	11
沒什麼用	11
保成功	11
能打得	11
有晴天	11
他沒點	11
就是可	11
只需要	11
不死他	11
跟來悲	11
跟來悲粗	11
跟來悲粗茶	11
技能不	11
岩崩的	11
系所以	11
重空間	11
不同的	11
麼呢就	11
什麼呢就	11
隊伍也	11
高速模	11
高速模式	11
但是在	11
需要開	11
邊一定	11
後我可以	11
右邊打	11
我的奇	11
我的奇麒	11
我的奇麒麟	11
有這種事	11
力右邊	11
還有機	11
還有機會	11
蠻多人	11
納斯可	11
美納斯可	11
然後開	11
他一點	11
邊直接	11
能會畏	11
可能會畏	11
能會畏縮	11
可能會畏縮	11
一個比	11
一個比較	11
就這樣	11
不好打的	11
然後呢	11
厲害的	11
是結實	11
那也不	11
很不錯	11
帶岩崩	11
很重要	11
能力值	11
所以如	11
所以如果	11
上泥偶	11
上泥偶巨	11
上泥偶巨人	11
扭曲的	11
曲的時	11
的時空	11
時空復	11
空復原	11
扭曲的時	11
曲的時空	11
的時空復	11
時空復原	11
空復原了	11
扭曲的時空	11
曲的時空復	11
的時空復原	11
時空復原了	11
扭曲的時空復	11
曲的時空復原	11
的時空復原了	11
命中率	11
開空間吧	11
有封印	11
快死了	11
要直接	11
了吧我	11
空間然	11
間然後	11
空間然後	11
本系技	11
本系技能	11
加巨沼	11
加巨沼怪	11
他選擇	11
是完全沒有	11
定他的	11
以他可	11
一模一	11
模一樣	11
一模一樣	11
是不行	11
霜奶仙	11
大晴天	11
化一次	11
的右邊	11
自我再	11
我再生	11
自我再生	11
果我們	11
講究圍	11
究圍巾	11
講究圍巾	11
這場對	11
我的噴	11
我的噴火	11
們的大	11
我們的大	11
假面喵	11
們來看	11
我們來看	11
系招式	11
那可以	11
後再加	11
然後再加	11
來的話是	11
下來的話	11
接下來的話	11
這邊的話	11
有關系	11
沒有關系	11
對方有	11
那我們這	11
那我們這邊	11
下對方	11
一下對方	11
選擇換	11
割草機	11
花將軍	11
來一個	11
進入我	11
入我們	11
上進入我	11
進入我們	11
馬上進入我	11
上進入我們	11
馬上進入我們	11
重要的	10
下這個	10
實也是	10
那這個	10
就是最	10
已經是	10
點但是	10
太多了	10
其實就是	10
現在沒	10
因為有	10
自己也	10
很適合	10
守住但	10
點在於	10
們也可	10
們也可以	10
必須要	10
所以也	10
出技能	10
是目前	10
跟咆哮	10
跟咆哮虎	10
的大狃	10
最大的	10
的大狃拉	10
是特性	10
跟噴火龍	10
有幫助	10
然後快	10
低速的	10
是美納	10
是美納斯	10
就必須	10
以對面	10
們就可	10
我們就可	10
來是能	10
再來是能	10
來是能力	10
再來是能力	10
來是能力點	10
再來是能力點	10
在順風	10
妖精然	10
精然後	10
風妖精然	10
妖精然後	10
風妖精然後	10
伍的弱	10
隊伍的弱	10
伍的弱點	10
隊伍的弱點	10
的對象	10
不過我	10
一點吧	10
能打我	10
我也會	10
沒有必	10
沒有必要	10
甚至不	10
下去然	10
然後守	10
下去然後	10
是要開	10
左邊的話	10
等一下可	10
他岩崩	10
客氣了	10
不客氣了	10
是右邊	10
什麼我	10
邊也可	10
實還好	10
其實還好	10
守住也	10
兩個回	10
也是一個	10
兩個回合	10
最好是	10
會死但是	10
怎麼打	10
停止了	10
以投降	10
可以投降	10
對面雨	10
面雨天	10
對面雨天	10
面雨天隊	10
對面雨天隊	10
這可能	10
龍可能	10
很多物	10
了他這	10
先守一下	10
我覺得可能	10
好這個	10
技能啦	10
他如果沒	10
們其實	10
是為了打	10
右邊先	10
他打我	10
左邊啦	10
後我右	10
右邊也	10
然後我右	10
後我右邊	10
然後我右邊	10
健美一	10
一次然	10
次然後	10
一次然後	10
我比他快	10
不好你	10
好不好你	10
然後風	10
後風妖	10
然後風妖	10
後風妖精	10
然後風妖精	10
實我可	10
是我如	10
其實我可	10
是我如果	10
回合他	10
耐久加	10
的特防	10
為他的特	10
因為他的特	10
是左邊	10
是防我	10
實我應	10
該是贏	10
其實我應	10
實我應該	10
應該是贏	10
該是贏了	10
其實我應該	10
應該是贏了	10
他的幽	10
技能也	10
以比較	10
寶珠的	10
命寶珠的	10
生命寶珠的	10
但是沒有關	10
是沒有關係	10
如果首	10
果首發	10
如果首發	10
可能點	10
我這兩個	10
我這兩個人	10
打幽尾	10
打幽尾玄	10
打幽尾玄魚	10
以他的	10
應該都	10
那我只	10
猜一下	10
的化石	10
的化石翼	10
的化石翼龍	10
有噴火龍	10
右邊點	10
邊點守	10
邊點守住	10
為我如	10
因為我如	10
為我如果	10
因為我如果	10
他的噴火	10
可是我	10
這個噴	10
這個噴火	10
這個噴火龍	10
麻麻鰻	10
麻鰻魚	10
麻麻鰻魚	10
麻鰻魚王	10
麻麻鰻魚王	10
能會直	10
可能會直	10
能會直接	10
可能會直接	10
有點弱	10
打我這	10
我先守住	10
技能吧	10
襲的話	10
一下可以	10
有力度	10
就是比	10
右邊可能	10
好了因為他	10
他這樣	10
有時候	10
不是他	10
一點的	10
以外的	10
你是要	10
是要死了	10
定會比	10
一定會比	10
天隊對面	10
吧他可	10
帶披帶	10
他這裡可	10
他這裡可能	10
邊先上	10
好一點因	10
好一點因為	10
再來一次我	10
較好的	10
比較好的	10
直接快	10
點因為我	10
他的烈	10
掉就算	10
我死掉	10
他兩個人	10
我們現	10
們現在	10
我們現在	10
住好了	10
守住好了	10
那我可能	10
能就會	10
可能就會	10
嘛然後	10
有人在用	10
非常強	10
麻煩的	10
點暴風	10
他左邊守	10
他左邊守住	10
人都不	10
可能秒	10
不可能秒	10
在是有	10
打死了	10
在雨天	10
這就是我	10
還是比較	10
是比較好	10
以我應該要	10
所以我應該要	10
是不相	10
我是不相	10
是不相信	10
我是不相信	10
有空間	10
起來非	10
來非常	10
起來非常	10
想幹嘛	10
喜歡讓	10
加咆哮	10
加咆哮虎	10
在組隊	10
麒麟加	10
奇麒麟加	10
是隔音	10
因為他是	10
天氣手	10
第一個	10
較不好	10
好處理	10
比較不好	10
剋制技	10
剋制技能	10
攻種族值	10
合我們	10
其他隊	10
雖然不	10
然不是	10
們需要	10
天氣隊	10
的圍巾	10
加一點	10
些寶可	10
些寶可夢	10
開始實	10
始實戰	10
實戰以	10
戰以前	10
前如果	10
多這種	10
記得一	10
定要按	10
要按個	10
讓我知	10
你有興	10
在開始實	10
開始實戰	10
始實戰以	10
實戰以前	10
前如果你	10
到更多這	10
更多這種	10
多這種類	10
類型的影	10
記得一定	10
一定要按	10
定要按個	10
要按個喜	10
讓我知道	10
我知道你	10
道你有興	10
你有興趣	10
在開始實戰	10
開始實戰以	10
始實戰以前	10
看到更多這	10
到更多這種	10
更多這種類	10
多這種類型	10
種類型的影	10
類型的影片	10
記得一定要	10
得一定要按	10
一定要按個	10
定要按個喜	10
要按個喜歡	10
讓我知道你	10
我知道你有	10
知道你有興	10
道你有興趣	10
在開始實戰以	10
開始實戰以前	10
想看到更多這	10
看到更多這種	10
到更多這種類	10
更多這種類型	10
多這種類型的	10
這種類型的影	10
種類型的影片	10
記得一定要按	10
得一定要按個	10
一定要按個喜	10
定要按個喜歡	10
讓我知道你有	10
我知道你有興	10
知道你有興趣	10
才會繼	10
繼續製	10
續製作	10
作而且	10
不要忘	10
要忘記	10
忘記訂	10
記訂閱	10
我才會繼	10
才會繼續	10
會繼續製	10
繼續製作	10
且也不要	10
也不要忘	10
不要忘記	10
要忘記訂	10
忘記訂閱	10
記訂閱我	10
我才會繼續	10
才會繼續製	10
會繼續製作	10
而且也不要	10
且也不要忘	10
也不要忘記	10
不要忘記訂	10
要忘記訂閱	10
忘記訂閱我	10
記訂閱我的	10
我才會繼續製	10
才會繼續製作	10
而且也不要忘	10
且也不要忘記	10
也不要忘記訂	10
不要忘記訂閱	10
要忘記訂閱我	10
忘記訂閱我的	10
記訂閱我的頻	10
返下去	10
回合可	10
不會點	10
可能先	10
你說我	10
技能都	10
哮虎也	10
咆哮虎也	10
還是很	10
嗎應該是	10
可以擊	10
以擊掌	10
可以擊掌	10
會把我	10
後排就	10
定要上	10
一定要上	10
以不用	10
其實這	10
明顯的	10
還是不會	10
上第四	10
上第四個	10
上第四個人	10
實還不	10
其實還不	10
下去因	10
去因為	10
下去因為	10
我還沒	10
三個回	10
三個回合	10
大狃拉可	10
中一個人	10
以他這	10
會死所	10
會死所以	10
現在對	10
面首發	10
對面首發	10
好的然	10
好的然後	10
然後左	10
後左邊	10
才可以	10
然後左邊	10
就有點	10
是不怎	10
是不怎麼	10
實在是沒	10
身法定	10
定身法定	10
很好那	10
解除了	10
將軍的	10
所以應	10
以應該	10
所以應該	10
會剩一點點	10
還行還	10
樣子的	10
子的話	10
這樣子的	10
就結束	10
就結束了	10
的班基	10
的班基拉	10
的班基拉斯	10
上我的	10
火龍這	10
噴火龍這	10
有威脅	10
以守住	10
連保成	10
連保成功	10
可能打得	10
然後咆	10
後咆哮	10
然後咆哮	10
後咆哮虎	10
然後咆哮虎	10
可以換	10
麼一點	10
攻然後	10
之後他	10
可以收	10
熱門的	10
要打好	10
打好幾	10
好幾下	10
選一個	10
就不太	10
先制的	10
麼呢就是	10
什麼呢就是	10
幾乎沒	10
乎沒有	10
幾乎沒有	10
重空間隊	10
的輔助手	10
可以比	10
麒麟可	10
奇麒麟可	10
了然後我	10
需要點	10
是他不	10
是問題	10
後我先	10
然後我先	10
上美納	10
上美納斯	10
打死然	10
打死然後	10
後我守住	10
然後我守住	10
麻煩了	10
的對手	10
好像沒	10
別人的	10
到殘血	10
可以防	10
打出我的	10
之力左	10
之力左邊	10
他一點血	10
火龍打	10
噴火龍打	10
個還好	10
這個還好	10
好的情	10
好的情況	10
納斯的	10
美納斯的	10
來像是	10
起來像是	10
看起來像是	10
沒有一	10
之力右	10
之力右邊	10
這樣他	10
會先動	10
那也不是	10
打螳螂	10
是來悲	10
是來悲粗	10
是來悲粗茶	10
將軍我	10
他可能就	10
邊吧他	10
他的隊	10
雷電拳	10
跟煤炭	10
跟煤炭龜	10
可以這	10
應該可	10
點空間	10
開個空	10
開個空間	10
然後可	10
也沒有辦	10
也沒有辦法	10
邊因為	10
你是不	10
下但是	10
人是誰	10
果這裡	10
如果這裡	10
海豚俠	10
您先請	10
隊伍就	10
非常重	10
的目標	10
有先制	10
破壞光	10
壞光線	10
破壞光線	10
勝利條	10
利條件	10
勝利條件	10
火神蛾	10
火龍是	10
噴火龍是	10
就只能	10
選擇開	10
擊掌吧	10
以他可能	10
差一點點	10
的勝利	10
所以他可	10
火焰踢	10
不應該	10
火龍有	10
噴火龍有	10
你沒有	10
然後後	10
們只要	10
我們只要	10
好的選擇	10
個岩崩	10
我一個	10
再冥想一	10
再冥想一次	10
如果我們	10
你可以看	10
火龍我	10
噴火龍我	10
大食花	10
我方選	10
後我方	10
有一隻	10
招式的	10
直接先	10
我是選	10
我是選擇	10
那最後的	10
那最後的話	10
下來的話是	10
接下來的話是	10
了對方	10
的大哥	10
王花將	10
霸王花將	10
王花將軍	10
霸王花將軍	10
系寶可	10
系寶可夢	10
收起來	10
輕鬆帶	10
鬆帶走	10
輕鬆帶走	10
人就是	9
一下這個	9
動我們	9
聽起來	9
好像是	9
是這種	9
到一個	9
現在沒有	9
的索羅	9
的索羅亞	9
的索羅亞克	9
該如何	9
害其實	9
是一個非	9
是一個非常	9
的樣子	9
們的隊	9
住但是	9
守住但是	9
可以反	9
我們也可	9
我們也可以	9
是威嚇	9
很高的	9
的本系	9
的版本	9
最熱門	9
哮虎跟	9
咆哮虎跟	9
也可以選	9
主要的	9
手但是	9
有比較	9
就會很	9
會不好	9
他因為	9
我希望	9
以後的	9
所以對面	9
們的完	9
的完整	9
我們的完	9
們的完整	9
是我們的完	9
我們的完整	9
就是我們的完	9
是我們的完整	9
麼都可	9
反正他	9
什麼都可	9
麼都可以	9
什麼都可以	9
快龍的	9
們就可以	9
我們就可以	9
的仙布	9
就有機	9
至於選	9
於選出	9
至於選出	9
於選出方	9
至於選出方	9
於選出方式	9
至於選出方式	9
但是如	9
但是如果	9
如果選	9
是隊伍的弱	9
是隊伍的弱點	9
像是我	9
天隊的	9
雨天隊的	9
適合的	9
是覺得	9
怎麼可	9
的玩法	9
的巨沼	9
的巨沼怪	9
不行了	9
好一點吧	9
選風妖	9
選風妖精	9
不會死啦	9
系技能打	9
技能打我	9
嚇一次	9
威嚇一次	9
會加很	9
會加很多	9
是怎麼	9
後守住	9
然後守住	9
他可能會想要	9
我等一下可	9
是要不	9
左邊也	9
是完全打	9
是完全打不	9
就擊掌	9
我有可	9
我這裡就	9
我有可能	9
我大概	9
順風停	9
風停止	9
為他也	9
順風停止	9
以投降了	9
因為他也	9
可以投降了	9
的順風隊	9
他就沒	9
的兩個	9
攻一下	9
加很多物	9
實還行	9
其實還行	9
扣一點	9
後我吃	9
然後我吃	9
那你說	9
多物防	9
被再來	9
被再來一	9
被再來一次	9
唱個滅	9
唱個滅歌	9
發可能	9
妖精也	9
首發可能	9
風妖精也	9
會有用	9
所謂我	9
就是來	9
無所謂我	9
點近戰	9
只能夠	9
我們其	9
我們其實	9
雙命中	9
他就可	9
他就可以	9
的然後我	9
能是披帶的	9
可能是披帶的	9
死左邊	9
實還蠻	9
披帶的話	9
其實還蠻	9
的因為我	9
為我可能	9
是披帶的話	9
因為我可能	9
還是你說	9
實沒什	9
其實沒什	9
實沒什麼	9
其實沒什麼	9
啦如果	9
跟幽尾	9
跟幽尾玄	9
跟幽尾玄魚	9
淘他一	9
淘他一下	9
的好的	9
努力值	9
我不知道他	9
他的幽尾	9
他的幽尾玄	9
他的幽尾玄魚	9
血但是	9
因為你	9
首發是	9
不太像	9
實不是很	9
種事情	9
這種事情	9
我快一	9
比我快一	9
我快一點	9
比我快一點	9
降了那	9
投降了那	9
降了那就	9
投降了那就	9
降了那就戰	9
投降了那就戰	9
降了那就戰勝	9
麒麟吧	9
奇麒麟吧	9
所以他的	9
那我只能	9
他最好	9
他的噴火龍	9
錯因為	9
那現在	9
我可能還	9
兩邊都	9
有一半	9
啦但是我	9
會是一	9
放後排	9
會是一個	9
物攻的	9
沒有遇	9
有遇過	9
為我們是	9
麒麟打	9
奇麒麟打	9
更好一	9
麼必要	9
會扣血	9
個可能	9
一下你	9
的先制	9
要左邊守	9
邊守住右	9
要左邊守住	9
左邊守住右	9
邊守住右邊	9
左邊守住右邊	9
點因為他	9
沒有到	9
要猜一	9
是膽小	9
我一定會	9
會比他快	9
吧他可能	9
這隊的	9
右邊我	9
有其他	9
披帶嗎	9
他這裡可能會	9
左邊先	9
收掉他	9
震的話	9
地震的話	9
上快龍	9
他的烈咬	9
他的烈咬陸	9
他的烈咬陸鯊	9
死掉就算	9
掉就算了	9
死掉就算了	9
是極速	9
我還有	9
吧我們	9
會被他	9
出來的	9
了我想	9
排可能	9
後排可能	9
我是有	9
為他一定	9
因為他一定	9
能會沒有	9
可能會沒有	9
沒什麼差	9
可能啦	9
香草的	9
跟速度	9
他不會	9
沒那麼	9
就是他如	9
就是他如果	9
點的話	9
問題不	9
有效果	9
能秒我	9
比較沒	9
實也不是	9
點左邊吧	9
砸他一	9
砸他一下	9
的進攻屬	9
的進攻屬性	9
讓對面	9
後直接	9
組一個	9
對面就	9
每一個	9
是隔音的	9
因為不	9
不服輸	9
需要有	9
同一隊	9
話我們就	9
的話我們就	9
會不能	9
雙本系	9
他不能	9
能擊掌	9
很多的	9
我們需	9
我們需要	9
的煤炭	9
的煤炭龜	9
有一定	9
種情況	9
影片記	9
片記得	9
歡讓我	9
的影片記	9
影片記得	9
片記得一	9
個喜歡讓	9
喜歡讓我	9
歡讓我知	9
型的影片記	9
的影片記得	9
影片記得一	9
片記得一定	9
按個喜歡讓	9
個喜歡讓我	9
喜歡讓我知	9
歡讓我知道	9
類型的影片記	9
型的影片記得	9
的影片記得一	9
影片記得一定	9
片記得一定要	9
要按個喜歡讓	9
按個喜歡讓我	9
個喜歡讓我知	9
喜歡讓我知道	9
歡讓我知道你	9
製作而	9
頻道喔	9
續製作而	9
製作而且	9
作而且也	9
的頻道喔	9
繼續製作而	9
續製作而且	9
製作而且也	9
作而且也不	9
我的頻道喔	9
會繼續製作而	9
繼續製作而且	9
續製作而且也	9
製作而且也不	9
作而且也不要	9
閱我的頻道喔	9
他看起	9
他看起來	9
是他有	9
實在是有	9
在是有點	9
實在是有點	9
能會擊掌我	9
可能會擊掌我	9
技能然	9
能然後	9
技能然後	9
是不怕	9
看穿一	9
就是看	9
比較還	9
較還好	9
比較還好	9
能夠打	9
是有一點	9
該是點	9
點地震	9
應該是點	9
是有機	9
我的大	9
人所以	9
就是在	9
是很危	9
是很危險	9
那我是	9
非常危	9
常危險	9
非常危險	9
關係嗎	9
你不是	9
需要靠	9
上勾魂	9
上勾魂眼	9
我的勾	9
我的勾魂	9
我的勾魂眼	9
點再來	9
點再來一	9
點再來一次	9
邊比較	9
但是我不	9
他強化	9
這個我	9
可以不用	9
先守住一	9
先守住一下	9
有咆哮	9
有咆哮虎	9
打其他	9
實還不錯	9
其實還不錯	9
麼差別	9
什麼差別	9
以左邊	9
其中一個人	9
自己會	9
他自己會	9
就是因	9
就是因為	9
所以他這	9
是滿血的	9
不一定有	9
就算我	9
要沒有	9
只要沒有	9
是很好打	9
不是很好打	9
邊好了因	9
邊好了因為	9
邊守住然	9
邊守住然後	9
不太妙	9
果是這樣	9
如果是這樣	9
比較怕	9
斬將軍的	9
仆斬將軍的	9
行還行	9
還行還行	9
陸鯊我	9
咬陸鯊我	9
烈咬陸鯊我	9
還需要	9
我就贏	9
我就贏了	9
沙暴下	9
個人可	9
就是很	9
斯然後	9
沒有雨	9
沒有雨天	9
的沒有	9
天氣就	9
不太高	9
岩崩吧	9
對我的	9
沒有威	9
可以守住	9
等一下還	9
會死好	9
打咆哮	9
打咆哮虎	9
其實也是	9
我所以	9
拉斯是	9
基拉斯是	9
班基拉斯是	9
麼一點點	9
不好他	9
好不好他	9
看你死	9
你死不	9
死不死	9
看你死不	9
你死不死	9
看你死不死	9
地鼠的	9
頭地鼠的	9
龍頭地鼠的	9
是保證	9
就一定會	9
要打好幾	9
打好幾下	9
要打好幾下	9
是順風	9
的選項	9
保證接	9
證接下	9
保證接下	9
些時候	9
也可以考	9
也可以考慮	9
比較少	9
在進攻	9
他比較	9
是什麼呢就	9
是什麼呢就是	9
性上的	9
屬性上的	9
奇怪的	9
帶的吧	9
披帶的吧	9
因為幽	9
為幽尾	9
因為幽尾	9
為幽尾玄	9
因為幽尾玄	9
為幽尾玄魚	9
因為幽尾玄魚	9
能會需	9
可能會需	9
能會需要	9
可能會需要	9
好我是	9
草果的	9
抗草果的	9
右邊打死	9
倒是還	9
我這樣點	9
我贏了	9
蠻多人的	9
就還好	9
燒傷了	9
樣可能比	9
這樣可能比	9
樣可能比較	9
這樣可能比較	9
樣可能比較好	9
應該點	9
會開空	9
會開空間	9
我需要一	9
但是我可	9
像沒有	9
好像沒有	9
我也只	9
是一半	9
加岩崩	9
什麼隊	9
麼隊伍	9
什麼隊伍	9
殘血然	9
殘血然後	9
我實在	9
該是一	9
應該是一	9
我的披	9
我的披帶	9
有再來	9
有再來一	9
有再來一次	9
崩一下	9
就可以把	9
岩崩可	9
能出手	9
對我最	9
剛才那	9
才那個	9
剛才那個	9
我本來	9
廣域破	9
域破壞	9
廣域破壞	9
那也不是不	9
水系技	9
水系技能	9
完之後	9
空間結	9
個什麼意	9
是個什麼意	9
個什麼意思	9
是個什麼意思	9
有用的	9
而且我們	9
要注意	9
火衣機	9
該可以	9
應該可以	9
遇到一	9
能會雙	9
可能會雙	9
反傷扣	9
倒是沒差	9
點血然	9
點血然後	9
點噴火	9
有很好	9
能會暴	9
會暴斃	9
可能會暴	9
保險的	9
一點那	9
以怎麼	9
較高速	9
比較高速	9
拋右邊	9
在晴天	9
可以左	9
沒有太	9
的優點	9
最強的	9
唱反調	9
很不好	9
拿不到	9
常重要	9
非常重要	9
會死就	9
有技能打	9
沒有技能打	9
是我只	9
就是沒	9
以我只	9
不會贏	9
就繼續	9
對面奇	9
面奇麒	9
對面奇麒	9
面奇麒麟	9
對面奇麒麟	9
空間之	9
是奇麒	9
是奇麒麟	9
的勝利條	9
的勝利條件	9
沒有天	9
沒有天氣	9
也不用	9
所以他可能	9
我其實應	9
我其實應該	9
是氣象	9
是氣象球	9
了特攻	9
看起來非	9
看起來非常	9
有光牆	9
傷害的	9
狃拉也	9
我其實可	9
我其實可以	9
特防的	9
順風還	9
加物防	9
好的他	9
然後鐵	9
妖精氣	9
飛葉風	9
葉風暴	9
飛葉風暴	9
是地震	9
大師球	9
熱門寶	9
熱門寶可	9
熱門寶可夢	9
候我們	9
時候我們	9
這邊不	9
超壞星	9
的瑪狃	9
的瑪狃拉	9
方選手	9
我方選手	9
面選手	9
對面選手	9
方選擇	9
然後我方	9
這兩隻	9
來看到	9
思考一	9
考一下	9
思考一下	9
一下對手	9
把血量	9
馬上來	9
掉對手	9
你可以看到	9
看一下對方	9
感謝指	9
謝指教	9
感謝指教	9
後這邊	9
然後這邊	9
這邊是	9
選擇投	9
擇投降	9
選擇投降	9
直接帶	9
接帶走	9
直接帶走	9
們的大哥	9
我們的大哥	9
這奇麒	9
這奇麒麟	9
時候對	9
候對方	9
這時候對	9
時候對方	9
這時候對方	9
入我們下	9
進入我們下	9
上進入我們下	9
劉俊華	8
那如果	8
我們一	8
不容易	8
也是很	8
可以說	8
下去嗎	8
了很多	8
另一個	8
但是現	8
但是現在	8
麼這麼	8
就很難	8
好就是	8
這件事	8
了什麼	8
不是沒	8
已經很	8
低所以	8
真的不	8
就代表	8
的可以	8
的原因	8
是速度	8
要優先	8
是為什	8
來看這	8
是為什麼	8
屬性的	8
我們的隊	8
這個特性	8
個屬性	8
是誰呢	8
會優先	8
是搭配	8
沒有這	8
果遇到	8
他打不	8
都打不	8
以他們	8
所以他們	8
在隊伍	8
輸出能	8
出能力	8
輸出能力	8
同時有	8
首發就	8
以輸出	8
平衡隊	8
也會不	8
我就放	8
保證秒	8
證秒殺	8
保證秒殺	8
對噴火	8
對噴火龍	8
也不可	8
不太想	8
完整配	8
整配置	8
的完整配	8
完整配置	8
個就是我們	8
們的完整配	8
的完整配置	8
這個就是我們	8
我們的完整配	8
們的完整配置	8
回合再	8
快龍是	8
是快龍	8
看起來很	8
你怎麼	8
是我在	8
惡系的	8
的棄世	8
的棄世猴	8
有趣的	8
真的很	8
之後的	8
伍吧對	8
隊伍吧對	8
伍吧對面	8
個隊伍吧對	8
隊伍吧對面	8
這個隊伍吧對	8
個隊伍吧對面	8
隊伍我	8
我的賽	8
沒有他	8
我的賽富	8
我的賽富豪	8
怎麼好	8
不怎麼好	8
怎麼好打	8
不怎麼好打	8
相當不	8
錯的首	8
不錯的首	8
錯的首發	8
不錯的首發	8
本就打	8
根本就打	8
本就打不	8
根本就打不	8
他可能也	8
看他是	8
果現在	8
邊上咆	8
邊上咆哮	8
邊上咆哮虎	8
會很高	8
的威嚇	8
常完美	8
死所以我	8
守住加	8
寶珠扣	8
命寶珠扣	8
生命寶珠扣	8
好幾個人	8
再威嚇	8
要不客	8
右邊他	8
要不客氣	8
我不想	8
左邊可能會	8
邊是不	8
看他點什	8
看他點什麼	8
以打得	8
可以打得	8
我風妖	8
了賽富	8
我風妖精	8
了賽富豪	8
還好因為他	8
感覺我	8
死但是我	8
那我可是	8
的要害	8
傷害可	8
風停止了	8
順風停止了	8
快龍可	8
在我臉	8
我臉上	8
在我臉上	8
吧不然	8
打得動	8
是完全不	8
想想我	8
我想想我	8
死而且	8
死其實	8
扣一點血	8
能也還好	8
可能也還好	8
防的話	8
點守住因	8
住因為他	8
點守住因為	8
守住因為他	8
不定會	8
說不定會	8
物防加	8
實我也	8
就是這麼	8
我不是	8
首發這	8
有仆斬	8
對面現	8
面現在	8
對面現在	8
話他會	8
的話他會	8
性就是	8
最完美	8
最完美的	8
這邊就	8
物防很	8
嘛但是	8
他一定會死	8
沒有強	8
沒有強化	8
為我們這一	8
因為我們這一	8
為我們這一隊	8
他什麼	8
加很多耐	8
加很多耐久	8
的吧我	8
該還是	8
應該還是	8
比他慢	8
後他也	8
然後他也	8
快因為	8
為噴火龍	8
因為噴火龍	8
這裡只	8
斬殺線	8
一次好	8
我應該是贏	8
我應該是贏了	8
我覺得他	8
也還行	8
是生命	8
是生命寶	8
是生命寶珠	8
你已經	8
但是沒有關係	8
以再來一次他	8
打不到	8
他但是	8
都會死	8
了各位	8
了吧因	8
了吧因為	8
他如果首	8
他如果首發	8
常好的	8
非常好的	8
要不是	8
只要不是	8
是固執的	8
定要打	8
一定要打	8
帶圍巾	8
他投降了那	8
他投降了那就	8
龍應該	8
鯊的話	8
陸鯊的話	8
咬陸鯊的話	8
烈咬陸鯊的話	8
會死了	8
重點是	8
我是一定	8
應該沒	8
一點所	8
以順風	8
一點所以	8
他不想	8
有可能是圍	8
有可能是圍巾	8
要擊中	8
兩個人的	8
自己就	8
但是我覺	8
但是我覺得	8
而且還	8
是一個問	8
是一個問題	8
麒麟跟	8
奇麒麟跟	8
因為我們是	8
他居然	8
居然是	8
更好一點	8
右邊換人	8
等一下可以	8
我等一下可以	8
他換人	8
空間一	8
點點因	8
一點點因	8
點點因為	8
一點點因為	8
你說這個	8
就算是	8
如果把	8
是不是他	8
隊而且	8
以我可能	8
所以我可能	8
理想的	8
牆的話	8
是他這	8
點點血	8
一點點血	8
我是要	8
確實不	8
玄魚是	8
尾玄魚是	8
幽尾玄魚是	8
打這隊的	8
比較適	8
較適合	8
比較適合	8
打賽富	8
打賽富豪	8
會比我慢	8
那還不	8
那還不錯	8
要再來	8
這個位	8
這個位置	8
只是他	8
他然後	8
能比較好一	8
可能比較好一	8
能比較好一點	8
後他的	8
也沒有關	8
速度會	8
不過他	8
打一下	8
其實打	8
克鷹的	8
姆克鷹的	8
左邊下	8
左邊下去	8
沒有什麼關	8
沒有什麼關係	8
但是因為他	8
一下右	8
下右邊	8
一下右邊	8
他的後	8
他的後排	8
只要中	8
覺得應	8
得應該	8
我覺得應	8
覺得應該	8
我覺得應該	8
可以他	8
還好沒	8
有特別	8
沒有特別	8
然沒有	8
色香草的	8
白色香草的	8
如果雙	8
果雙點	8
如果雙點	8
他道具	8
一次左	8
次左邊	8
一次左邊	8
就好了他	8
沒有效	8
為他打	8
沒有效果	8
因為他打	8
風的話	8
順風也	8
我的順	8
我的順風	8
還好我	8
下我的	8
一下我的	8
擊右邊	8
我要的	8
是我要的	8
就是我要的	8
雨停了	8
相信的	8
速度種	8
度種族	8
速度種族	8
度種族值	8
速度種族值	8
所以一	8
然後直	8
然後直接	8
有玩過	8
的滅歌	8
滅歌一	8
都需要	8
們就會	8
但是對	8
到這裡	8
是耿鬼	8
他們的	8
弱地面	8
的第二	8
是必須	8
鬥系技	8
技能因	8
格鬥系技	8
鬥系技能	8
技能因為	8
格鬥系技能	8
因為剛	8
為他的特性	8
因為他的特性	8
打不出	8
就不能	8
物攻種	8
物攻種族	8
物攻種族值	8
的是一	8
就是他的	8
重點在	8
重點在於	8
是其他	8
剛才有	8
要確保	8
間下的	8
空間下的	8
抗妖果	8
他所以	8
也有一	8
對面點	8
來用在	8
用在開	8
以前如	8
隊來用在	8
來用在開	8
用在開始	8
戰以前如	8
以前如果	8
組隊來用在	8
隊來用在開	8
來用在開始	8
用在開始實	8
實戰以前如	8
戰以前如果	8
以前如果你	8
前如果你想	8
動組隊來用在	8
組隊來用在開	8
隊來用在開始	8
來用在開始實	8
用在開始實戰	8
始實戰以前如	8
實戰以前如果	8
戰以前如果你	8
以前如果你想	8
前如果你想看	8
首發不	8
是有點麻	8
是有點麻煩	8
他可能會擊	8
他可能會擊掌	8
是有點不	8
技能有	8
些人可	8
穿一下	8
看穿一下	8
就是以	8
我倒是	8
了其實	8
沒有力	8
沒有力度	8
拋左邊	8
麼簡單	8
不好上	8
很好他	8
他有可能是	8
有加耐	8
有加耐久	8
是有差	8
是有機會	8
誰因為	8
看他要	8
被他的	8
要突襲	8
是抗鬥果的	8
要先解	8
下比較	8
要先解決	8
一下那	8
後擊掌	8
什麼力	8
麼力度	8
什麼力度	8
是花葉	8
了你說	8
是花葉蒂	8
是太強	8
一個空	8
一個空間	8
就不知	8
就不知道	8
有奇麒	8
有奇麒麟	8
的加上	8
什麼事	8
怕威嚇	8
一下左	8
下左邊	8
一下左邊	8
防他的	8
只能打	8
點什麼都可	8
點什麼都可以	8
實我這	8
我認為	8
那你可	8
好了對	8
我只要不	8
第一輪	8
有什麼差	8
沒有什麼差	8
可能對	8
以他就	8
所以他就	8
是結束	8
隊伍對	8
起來比	8
來比較	8
起來比較	8
較麻煩一	8
比較麻煩一	8
較麻煩一點	8
比較麻煩一點	8
然後擊	8
掌的話	8
擊掌的話	8
左邊守住然	8
左邊守住然後	8
我一定是	8
他不下	8
他不下去	8
我有點	8
邊要守	8
很好那我	8
在可以	8
現在可以	8
他不要	8
蠻安全	8
回合是	8
這裡也	8
有差嗎	8
差然後	8
樣子的話	8
這樣子的話	8
他知道	8
定會選	8
一定會選	8
狃拉然	8
拉然後	8
狃拉然後	8
能好一點點	8
可能好一點點	8
不是吧	8
如果上	8
斯可以	8
在就是	8
嘴鷗的	8
現在就是	8
大嘴鷗的	8
更好的	8
我現在還	8
這個雨	8
個雨天隊	8
以把他	8
可以把他	8
狃拉打	8
為大狃	8
因為大狃	8
為大狃拉	8
因為大狃拉	8
對面如	8
面如果	8
對面如果	8
沒有點	8
有加很	8
了他可能	8
太容易	8
我現在已	8
我現在已經	8
以我也	8
所以我也	8
就是個	8
可以改	8
以換人	8
以我不	8
可以換人	8
所以我不	8
那麼一	8
那麼一點	8
那麼一點點	8
最不好	8
不好的	8
就是可以	8
的不是	8
要一直	8
是龍頭	8
是龍頭地	8
是龍頭地鼠	8
以收掉	8
可以收掉	8
好可以	8
只要我	8
要因為	8
選擇加	8
常需要	8
因為美	8
為美納	8
因為美納	8
為美納斯	8
因為美納斯	8
會被雙	8
有些時	8
有些時候	8
雷朵的	8
路雷朵的	8
艾路雷朵的	8
個人不	8
考慮到	8
的人選	8
進攻上	8
了守住	8
些隊伍	8
我其實是	8
麟可能	8
的掃墓	8
麒麟可能	8
奇麒麟可能	8
中一種	8
其中一種	8
然後我可以	8
倒是還好	8
再開一	8
的艾路	8
的艾路雷	8
的艾路雷朵	8
住好的	8
守住好的	8
他這裡點	8
快一半	8
需要跟	8
要跟他	8
跟他賭	8
有岩崩	8
他點不點守	8
他點不點守住	8
了啦他	8
的龍頭	8
不是我	8
的龍頭地	8
的龍頭地鼠	8
很多速	8
加很多速	8
很多速度	8
加很多速度	8
點太快	8
太快了	8
我需要一個	8
好了然	8
好了然後	8
其實也不是	8
他一定要	8
是沒有守	8
有守住的	8
是沒有守住	8
間的話	8
空間的話	8
吧如果	8
死了嗎	8
吧噴火	8
出我的披	8
打不死他	8
出我的披帶	8
了所以他	8
我還不	8
也不一定會	8
的晴天隊	8
他也有	8
打我們	8
是不一	8
自如的	8
直接暴	8
會有守	8
麼影響	8
是個問	8
看剛才	8
是個問題	8
邊完美	8
住他如	8
守住他如	8
住他如果	8
守住他如果	8
稍微好	8
可能只	8
玄魚那	8
尾玄魚那	8
幽尾玄魚那	8
他是披	8
他是披帶	8
妖精吧	8
風妖精吧	8
的看他	8
出披帶	8
但是由	8
是由於	8
但是由於	8
傷害也	8
間結束	8
空間結束	8
吧這樣	8
掉之後	8
需要的	8
沙暴的	8
先考慮	8
空間兩	8
高很多	8
是屬性	8
模式下	8
空間模	8
間模式	8
空間模式	8
打沙暴	8
至少可	8
畢竟我	8
其實比	8
實比較	8
天氣了	8
防守的	8
撲左邊	8
守住是	8
跟我們	8
就不是很	8
威嚇過	8
傷扣血	8
後可以	8
了兩個	8
還比較	8
這麼厲	8
這麼厲害	8
個高速	8
後可能	8
個人是誰	8
四個人是誰	8
第四個人是誰	8
點傷害	8
不會死的	8
也還不	8
也還不錯	8
邊加上	8
是高速	8
實也可	8
其實也可	8
實也可以	8
其實也可以	8
一下會	8
上的是	8
系技能的	8
我這個血	8
我這個血量	8
現在空	8
現在空間	8
可以左邊	8
正常的	8
沒有特性	8
技能池	8
會有人	8
但是其	8
草系技	8
草系技能	8
的熱門	8
都不是	8
主流的	8
也可能是	8
有一些	8
有格子	8
看不出	8
看不出來	8
吧還是	8
返右邊	8
很合理	8
麼可能	8
怎麼可能	8
他想要	8
終極吸	8
極吸取	8
終極吸取	8
上仙布	8
要先把	8
盤蜷一	8
雙光束	8
一下但	8
龍有可	8
龍有可能	8
有很大	8
他如果這裡	8
這是個什	8
這是個什麼	8
是沒有什	8
是沒有什麼	8
的火焰	8
我也是可	8
個光牆	8
竺葵的	8
大竺葵的	8
會差一	8
會差一點	8
最好的選	8
挑釁的	8
是我們這	8
容易被	8
大狃拉也	8
點電光	8
點電光束	8
最保險	8
帶的嗎	8
披帶的嗎	8
不是不行	8
也不是不行	8
該就可	8
應該就可	8
該就可以	8
應該就可以	8
岩崩加	8
精氣場	8
妖精氣場	8
這個大	8
的話這	8
而已但	8
回個血	8
中的話	8
我空間	8
溶化一次	8
邊的話我	8
以說我	8
所以說我	8
選擇把	8
些情況	8
加特防	8
利刃砍	8
粗茶這	8
神利刃砍	8
悲粗茶這	8
精神利刃砍	8
來悲粗茶這	8
帝王拿	8
王拿波	8
帝王拿波	8
攻擊對	8
後噴火駝	8
然後噴火駝	8
岩怪的	8
冰岩怪的	8
是冥想	8
空間還	8
以幫助	8
可以幫助	8
蓄能焰	8
能焰襲	8
蓄能焰襲	8
跟花葉	8
跟花葉蒂	8
我的噴火龍	8
葉蒂加	8
花葉蒂加	8
直接吸	8
下烈咬	8
下烈咬陸	8
下烈咬陸鯊	8
上摔角	8
上摔角鷹	8
上摔角鷹人	8
先不要	8
偷襲的	8
子偷襲的	8
影子偷襲的	8
的比賽	8
方這個	8
是我方	8
的那我們	8
後的話是	8
最後的話是	8
那可以看	8
那可以看到	8
那我覺	8
那我覺得	8
對方選	8
對方選擇	8
旁邊的	8
打對手的	8
那我這邊	8
對手有	8
場對手	8
第二隻	8
一下我們	8
掉我們	8
對方直	8
方直接	8
對方直接	8
好對方	8
們的霸	8
的霸王	8
我們的霸	8
們的霸王	8
的霸王花	8
我們的霸王	8
們的霸王花	8
我們的霸王花	8
們下一	8
下一場	8
我們下一	8
們下一場	8
入我們下一	8
我們下一場	8
進入我們下一	8
入我們下一場	8
對方派	8
方派上	8
對方派上	8
到此為	8
此為止	8
到此為止	8
一個重	7
了一些	7
的威脅	7
以說是	7
可以說是	7
不是這	7
可以確	7
也很難	7
這樣就是	7
的方式	7
大城市	7
而且這	7
但是大	7
就是這樣	7
人因為	7
什麼想	7
就是大	7
的是有	7
件事情	7
有不少	7
什麼叫	7
還是得	7
個條件	7
問題就	7
本身就	7
從來沒	7
的基礎	7
的最後	7
雙重幻	7
重幻覺	7
雙重幻覺	7
知道該	7
傷害其	7
傷害其實	7
的傷害計	7
的傷害計算	7
最高的	7
是化石	7
是化石翼	7
是化石翼龍	7
這也是	7
特殊的	7
的專屬	7
是能夠	7
不影響	7
是同時	7
就可能會	7
性所以	7
乎都是	7
幾乎都是	7
其實只	7
族值分	7
種族值分	7
度非常	7
合所以	7
剛才說	7
說過的	7
回合對	7
高威力的	7
就完全沒	7
如果遇	7
如果遇到	7
摸不到	7
必須有	7
較強的	7
比較強的	7
龍跟烈	7
他四倍	7
也不好打	7
不好打他	7
他因為他	7
傷害會	7
很多所	7
很多所以	7
一下傷	7
下傷害	7
一下傷害	7
一個特	7
也不可能	7
另一方	7
另一方面	7
哮虎然	7
虎然後	7
咆哮虎然	7
哮虎然後	7
咆哮虎然後	7
不太夠	7
會不太	7
以這個就	7
所以這個就	7
以這個就是	7
所以這個就是	7
個就是我們的	7
如果想	7
話可以	7
的話可以	7
讓對手	7
以他也	7
也需要	7
富豪是	7
賽富豪是	7
出手一	7
手一次	7
就有機會	7
出手一次	7
富豪加	7
賽富豪加	7
需要選	7
首發風	7
發風妖	7
一個選	7
首發風妖	7
發風妖精	7
首發風妖精	7
面的隊	7
加風妖	7
對面的隊	7
面的隊伍	7
就可以直	7
加風妖精	7
對面的隊伍	7
就可以直接	7
他的話	7
就會變	7
玩的人	7
對面不	7
有好幾	7
個操作	7
惡作劇	7
作劇之	7
劇之心	7
他甚至	7
有威嚇	7
惡作劇之	7
作劇之心	7
惡作劇之心	7
是輸出	7
配置的	7
手可能	7
穩定性	7
的策略	7
輸入就	7
入就可	7
練輸入就	7
輸入就可	7
入就可以	7
訓練輸入就	7
練輸入就可	7
輸入就可以	7
入就可以按	7
的訓練輸入就	7
訓練輸入就可	7
練輸入就可以	7
輸入就可以按	7
入就可以按照	7
你喜歡	7
化技能	7
技能嗎	7
都還不	7
大部分的	7
都還不錯	7
吧所以我	7
注意喔	7
非常完	7
非常完美	7
也會沒	7
我可以直	7
我可以直接	7
我咆哮	7
一下不	7
我咆哮虎	7
珠扣血	7
扣血他	7
寶珠扣血	7
命寶珠扣血	7
生命寶珠扣血	7
瞧不起	7
他一次	7
能是這	7
可能是這	7
能是這樣	7
可能是這樣	7
啦不然	7
可謂是	7
是會被	7
面系技	7
可是要不	7
是要不客	7
地面系技	7
面系技能	7
我可是要不	7
可是要不客	7
是要不客氣	7
地面系技能	7
我可是要不客	7
可是要不客氣	7
球打右	7
球打右邊	7
打右邊好	7
他右邊守	7
打右邊好了	7
他右邊守住	7
死了好	7
不是完	7
全打不了	7
完全打不了	7
影球左	7
暗影球左	7
影球左邊	7
暗影球左邊	7
我有可能會	7
擊掌打	7
能系技	7
超能系技	7
能系技能	7
超能系技能	7
可以下	7
守住其	7
住其實	7
守住其實	7
那我可是要	7
還是一	7
一樣就	7
我好像	7
能可以打我	7
技能可以打我	7
他就沒有	7
龍可以	7
全不怕	7
完全不怕	7
保險一	7
險一點	7
保險一點	7
這兩個人都	7
會死而	7
我會先	7
我可能就	7
了他這裡	7
上蚊香	7
他是想	7
上蚊香蛙	7
他是想要	7
上蚊香蛙皇	7
了不過	7
就會比我	7
也沒有差很	7
也沒有差很多	7
很多物防	7
加很多物防	7
加得不	7
他會被	7
少可以	7
其實我也	7
一隊的話	7
打這一隊的	7
這一隊的話	7
打這一隊的話	7
選然後	7
美的第	7
完美的第	7
美的第一	7
完美的第一	7
美的第一回	7
完美的第一回	7
美的第一回合	7
物防很高	7
會一直	7
吧然後我	7
也可以上	7
不定我	7
說不定我	7
防這個	7
突襲的	7
無敵了	7
我順風	7
以我需	7
所以我需	7
以我需要	7
先開個順	7
所以我需要	7
先開個順風	7
看他什	7
看他什麼	7
裡其實	7
能會沒死	7
為我可能會	7
可能會沒死	7
因為我可能會	7
我死了	7
打的人	7
該是比	7
果他不	7
應該是比	7
他確實	7
所以打	7
個順風然	7
我這裡可以	7
個順風然後	7
邊點不	7
邊點不點	7
邊點不點守	7
邊點不點守住	7
實我可以	7
其實我可以	7
陸鯊跟	7
咬陸鯊跟	7
烈咬陸鯊跟	7
就不要	7
以看出	7
可以看出	7
天然後	7
後我開	7
我開順	7
然後我開	7
我開順風	7
好的這	7
了多少	7
一點啦	7
有可能會剛	7
有可能會剛好	7
守住所	7
住所以	7
以我先	7
住嗎他	7
他是防	7
守住所以	7
所以我先	7
守住嗎他	7
有差因	7
有差因為	7
是百分	7
分之六	7
之六十	7
六十幾	7
是百分之	7
百分之六	7
分之六十	7
之六十幾	7
百分之六十	7
分之六十幾	7
百分之六十幾	7
全打不贏	7
完全打不贏	7
他是沒	7
點掃墓	7
爪左邊	7
能不會死	7
可能不會死	7
什麼沒	7
麼沒有	7
已經死	7
至可以	7
甚至可以	7
我可以再來	7
我可以再來一	7
能會比較	7
可能會比較	7
是很有	7
的話會	7
是文柚果的	7
那我應	7
那我應該	7
能是不會	7
那我只能說	7
首發噴	7
發噴火	7
首發噴火	7
是那麼好打	7
不是那麼好打	7
果左邊	7
後我應	7
然後我應	7
後我應該	7
然後我應該	7
是得死	7
裡應該要	7
這裡應該要	7
該沒有	7
應該沒有	7
點守住啦	7
被我再	7
被我再來	7
被我再來一	7
被我再來一次	7
右邊會	7
邊吧因	7
邊吧因為	7
的然後他	7
接一個	7
個熱風	7
較好因為我	7
比較好因為我	7
直接死	7
耶因為	7
我可以順	7
沒有遇過	7
傷害夠	7
物攻技	7
物攻技能	7
妖精可	7
風妖精可	7
就是比較	7
右邊換上	7
就是如	7
來就會	7
有關係我	7
沒有關係我	7
你什麼	7
沒中沒	7
中沒中	7
是很麻	7
是很麻煩	7
不是抗	7
也會死	7
他其實不	7
是他說	7
沒有傷	7
沒有傷害	7
需要猜一	7
很理想	7
能還行	7
可能還行	7
開反射	7
開反射壁	7
那你是	7
想要開	7
了而且他	7
意思他	7
運氣不	7
這隊的話	7
打這隊的話	7
是我上	7
人比較	7
什麼問	7
麼問題	7
什麼問題	7
要再來一	7
要再來一次	7
接快死	7
直接快死	7
火龍不	7
噴火龍不	7
的話因	7
話因為	7
的話因為	7
我畏縮	7
然後熱	7
很尷尬	7
他兩個人都	7
就剛好	7
那其實我	7
過他的	7
都是的	7
龍但是	7
的姆克	7
的姆克鷹	7
不錯就	7
不到我	7
沒有人在用	7
為他可能會點	7
仙布的	7
速度是	7
可能在	7
幫我的	7
吧除非	7
換人的話	7
連保失	7
保失敗	7
連保失敗	7
讓你看	7
也不錯	7
就是打	7
打來悲	7
打來悲粗	7
打來悲粗茶	7
還好沒有	7
可以放	7
個人就	7
點就這	7
對面大	7
好一點就	7
一點就這	7
點就這四	7
一點就這四	7
點就這四個	7
一點就這四個	7
點就這四個吧	7
能是白	7
可能是白	7
能是白色	7
可能是白色	7
能是白色香	7
可能是白色香	7
能是白色香草	7
甚至我	7
來一次左	7
再來一次左	7
來一次左邊	7
再來一次左邊	7
是沒有效	7
但是沒有效	7
是沒有效果	7
但是沒有效果	7
應該打	7
順風的話	7
順風啦	7
死不了的	7
然後現	7
後現在	7
然後現在	7
襲左邊	7
還好他	7
是沒中	7
不錯不	7
錯不錯	7
不錯不錯	7
不相信的	7
的強度	7
要猜拳	7
隊伍在	7
我們就會	7
點不出	7
不出技	7
不出技能	7
隊友是	7
的常見	7
但是因為我	7
一個擊	7
的鱗甲	7
的鱗甲龍	7
為剛才	7
因為剛才	7
換上我們	7
上我們的	7
可以來	7
不好處	7
不好處理	7
技能而	7
的模式	7
高機率	7
的是一個	7
雖然不是	7
是他們	7
的過程	7
只要能	7
個攻擊	7
個可以	7
是抗妖	7
沒有弱	7
有弱點	7
我非常	7
天的問題是	7
今天的問題是	7
為這樣	7
問題我	7
因為這樣	7
所以只	7
也會比	7
所以首	7
陸鯊加	7
所以首發	7
咬陸鯊加	7
烈咬陸鯊加	7
地震吧	7
以威嚇	7
可以威嚇	7
其實對	7
沒有順	7
沒有順風	7
鬼然後	7
那可能還	7
實不一	7
其實不一	7
實不一定	7
些人可能	7
其實不一定	7
不一定會有	7
能是有	7
可能是有	7
下對面	7
為他剛	7
因為他剛	7
正我也	7
反正我也	7
我可能先	7
就是以防	7
是不會被	7
滅歌兩	7
歌兩回	7
實我覺	7
滅歌兩回	7
歌兩回合	7
其實我覺	7
實我覺得	7
滅歌兩回合	7
其實我覺得	7
是他會	7
的但是我	7
我真的	7
我下回	7
我下回合	7
你就不	7
那麼簡	7
那麼簡單	7
打起來	7
了很好	7
我會死嗎	7
加耐久的	7
好其實	7
首發他	7
差別就	7
危險的	7
他要不	7
他要不要	7
能應該要	7
可能應該要	7
將軍好	7
砍左邊	7
下他的	7
度然後	7
一下比	7
一下比較	7
道是不	7
知道是不	7
道是不是	7
不知道是不	7
知道是不是	7
不知道是不是	7
力的話	7
橋龍不	7
右邊比	7
是太強了	7
我不一	7
個有點	7
我不一定	7
錯然後	7
要上的	7
拉斯打	7
基拉斯打	7
班基拉斯打	7
我是可	7
我是可以	7
何一個人	7
點守住我	7
任何一個人	7
他完全	7
有加速	7
點守住的話	7
沒有格	7
是我會	7
在是不	7
實在是不	7
好的對	7
打他們	7
有可能會有	7
首發勾	7
發勾魂	7
首發勾魂	7
發勾魂眼	7
首發勾魂眼	7
加上第	7
加上第四	7
加上第四個	7
加上第四個人	7
這幾個人	7
不錯他	7
可以因	7
以因為	7
可以因為	7
去因為他	7
下去因為他	7
的其實	7
其實我這	7
個時候	7
這個時候	7
是不是有	7
不是有點	7
他也不能	7
住這個	7
是再來	7
守住這個	7
是再來一	7
是再來一次	7
以我一	7
所以我一	7
是對我	7
在對面	7
他的咆	7
他的咆哮	7
他的咆哮虎	7
會剩下	7
剩下一	7
不一定會死	7
是結束了	7
比較像	7
的烈箭	7
的烈箭鷹	7
然後擊掌	7
他不一	7
死然後我	7
他不一定	7
所以還	7
會換人	7
法定他	7
身法定他	7
定身法定他	7
可以出	7
這裡一	7
裡一定	7
定要下	7
這裡一定	7
一定要下	7
定要下去	7
一定要下去	7
為他左	7
因為他左	7
為他左邊	7
次解除了	7
因為他左邊	7
一次解除了	7
來一次解除了	7
不介意	7
如果下	7
蠻安全的	7
然後不	7
該還好	7
應該還好	7
需要加	7
很常見	7
回合數	7
是這樣子的	7
點暗影	7
點暗影球	7
會選的	7
電光束打	7
是雨天隊	7
邊是圍	7
邊是圍巾	7
排的話	7
後排的話	7
這個不	7
死這個	7
好的結	7
好的結果	7
能也沒	7
是很煩	7
在還不	7
現在還不	7
才會死	7
沙暴砸	7
這個雨天	7
晴天的	7
且他也可	7
而且他也可	7
且他也可能	7
而且他也可能	7
且他也可能會	7
需要上	7
狃拉一	7
大狃拉一	7
了現在	7
只要不要	7
什麼風	7
麼風險	7
什麼風險	7
有加很多	7
他披帶	7
左邊換人	7
守一下他	7
可能擊	7
可能也不	7
已經確	7
經確定	7
已經確定	7
一下守	7
的地震	7
是我現	7
現在確	7
在確定	7
是我現在	7
現在確定	7
能守住	7
是也沒	7
他噴火	7
得死嗎	7
不是打	7
有什麼好	7
來就是	7
且他的	7
哮虎會	7
而且他的	7
咆哮虎會	7
橋龍的	7
最不好的	7
左邊點	7
我打死的	7
把我打死的	7
我打死的話	7
把我打死的話	7
就是有	7
意思呀	7
的氣象	7
的氣象球	7
吃文柚	7
吃文柚果	7
麼樣我	7
怎麼樣我	7
原本的	7
是沙暴隊	7
剛好可	7
剛好可以	7
是保證擊	7
是保證擊殺	7
最熱門的	7
不可能不	7
好的隊友	7
陸鯊就	7
咬陸鯊就	7
烈咬陸鯊就	7
我們不	7
我們剛	7
妖精是	7
風妖精是	7
速度不	7
需要在	7
阻止空	7
止空間	7
阻止空間	7
了非常	7
有優勢	7
非常難	7
幾乎不	7
在進攻上	7
個環境	7
精系的	7
妖精系的	7
要的話	7
集影片	7
止對面	7
火駝隊	7
噴火駝隊	7
打空間	7
以為我	7
麒麟這	7
奇麒麟這	7
所以需	7
以需要	7
所以需要	7
就會不	7
一開始	7
覺得還	7
玄魚不	7
而已然	7
已然後	7
而已然後	7
對面幽	7
面幽尾	7
對面幽尾	7
面幽尾玄	7
對面幽尾玄	7
面幽尾玄魚	7
對面幽尾玄魚	7
他是要	7
要順風	7
會死不	7
只能上	7
守住守	7
住守住	7
守住守住	7
把右邊	7
龍下去	7
部分都	7
大部分都	7
接打死	7
直接打死	7
有這種事情	7
光束左	7
束左邊	7
光束左邊	7
日照復	7
照復原	7
日照復原	7
照復原了	7
日照復原了	7
我上後	7
這樣操	7
樣操作	7
我上後排	7
這樣操作	7
了實在	7
了實在是	7
對面沙	7
的精神	7
原來是	7
他覺得	7
熱水左	7
水左邊	7
上艾路	7
熱水左邊	7
上艾路雷	7
上艾路雷朵	7
就是不知	7
就是不知道	7
是有點太	7
的沙暴隊	7
能有點	7
能打死	7
然後龍	7
吧我想想	7
我也只能	7
我開出	7
也是沒	7
確定道	7
定道具	7
確定道具	7
能還不	7
可能還不	7
降特攻	7
速度優	7
度優勢	7
速度優勢	7
雙點我的	7
後他就	7
我這一	7
能也是	7
不好打我	7
我這一隊	7
可能也是	7
還有這	7
得死我	7
打得死我	7
這什麼	7
我實在是	7
會被雙殺	7
該是一半	7
是一半多	7
應該是一半	7
以應該是	7
所以應該是	7
裡應該是	7
這裡應該是	7
你還是	7
我可以上	7
火龍就	7
噴火龍就	7
打美納	7
打美納斯	7
要結束	7
要結束了	7
岩崩好	7
最好的情	7
最好的情況	7
他只能點	7
不能出	7
不能出手	7
了直接	7
雪天隊	7
是不一定	7
點然後	7
接暴斃	7
直接暴斃	7
合可以	7
回合可以	7
個人打	7
打一點	7
他左邊可	7
加守住	7
打鋁鋼	7
打鋁鋼橋	7
打鋁鋼橋龍	7
他這裡不	7
不一定是	7
空間就	7
邊其實	7
是可以考	7
是可以考慮	7
下去好	7
看他點不	7
看他點不點	7
化一下	7
住因為我	7
守住因為我	7
這個順	7
這個順風	7
陸鯊是	7
咬陸鯊是	7
烈咬陸鯊是	7
輸的可	7
輸的可能	7
的左邊	7
很厲害	7
你說有	7
吧但是	7
麼辦我	7
怎麼辦我	7
打他這	7
點鬼火	7
哮虎打	7
咆哮虎打	7
的感覺	7
暗襲要	7
襲要害	7
暗襲要害	7
是蠻高	7
特防很	7
他巨聲	7
是我一	7
什麼影	7
什麼影響	7
結束後	7
可以但	7
能就不	7
可能就不	7
吧我猜	7
多然後	7
較不好打	7
比較不好打	7
雙點左邊吧	7
但是我也	7
左邊吧他	7
一個噴	7
優先考	7
優先考慮	7
他必須	7
弱岩石	7
人但是	7
通常都	7
有佯攻	7
友情防	7
情防守	7
友情防守	7
們這個隊	7
我們這個隊	7
們這個隊伍	7
我們這個隊伍	7
一部分	7
哪些寶	7
哪些寶可	7
哪些寶可夢	7
得這個	7
覺得這個	7
其實比較	7
可以死	7
是煤炭	7
是煤炭龜	7
加幽尾	7
拉可能	7
加幽尾玄	7
狃拉可能	7
加幽尾玄魚	7
大狃拉可能	7
不是你	7
會有守住	7
粗茶的	7
悲粗茶的	7
來悲粗茶的	7
噴火吧	7
起來是	7
可能一	7
也不是那	7
也不是那麼	7
邊應該是	7
我想一	7
我想一下	7
因為咆	7
為咆哮	7
因為咆哮	7
為咆哮虎	7
因為咆哮虎	7
答案是	7
可以對	7
能會暴斃	7
可能會暴斃	7
天氣的	7
現在也	7
完美完	7
美完美	7
完美完美	7
起來不	7
看起來不	7
然後地	7
打死我的	7
下然後我	7
一下然後我	7
也不怎	7
也不怎麼	7
直接噴	7
空間啦	7
可以怎	7
可以怎麼	7
吧可能是	7
左邊加	7
岩崩我	7
拍落右	7
落右邊	7
拍落右邊	7
會死因	7
會死因為	7
再一下	7
陸鯊打	7
咬陸鯊打	7
烈咬陸鯊打	7
是比較高	7
空間了	7
為我們有	7
因為我們有	7
我就把	7
空間嗎	7
點不太	7
他一個	7
這樣有	7
還是不會死	7
是第一	7
的那個	7
個妖精	7
個妖精系	7
高但是	7
有人用	7
也經常	7
會有一個	7
烏賊王	7
的只是	7
達人帶	7
可夢都	7
寶可夢都	7
的盲點	7
目前的	7
他隔壁	7
人的隊	7
人的隊伍	7
在目前	7
把天氣	7
折返右	7
速折返右	7
折返右邊	7
速折返右邊	7
會死就是	7
右邊要	7
這回合	7
電光一	7
光一閃	7
電光一閃	7
可以啦	7
就是我只	7
是我只要	7
還真的	7
就是沒有	7
的是沒	7
真的是沒	7
是差不	7
是差不多	7
剩飯的	7
經常是	7
有帶守	7
有帶守住	7
所以我只	7
他的這	7
是很快	7
間之後	7
空間之後	7
他會死	7
我這隊	7
邊沒有	7
降了好	7
投降了好	7
火龍有可	7
噴火龍有可	7
火龍有可能	7
噴火龍有可能	7
這個一	7
沒有很大	7
為他這一	7
因為他這一	7
為他這一隊	7
因為他這一隊	7
變幻自	7
幻自如	7
變幻自如	7
焰雞的	7
因為火	7
火焰雞的	7
我也是可以	7
跟姆克	7
跟姆克鷹	7
最好的選擇	7
空間我	7
噴火的	7
相對來	7
血而已	7
常會帶	7
掉然後	7
選噴火	7
風還是	7
然後班	7
後班基	7
然後班基	7
後班基拉	7
然後班基拉	7
後班基拉斯	7
然後班基拉斯	7
近戰左	7
戰左邊	7
近戰左邊	7
啦可能	7
狃拉加	7
加噴火	7
威脅的	7
我第一回	7
我第一回合	7
詛咒之	7
上鋼鎧	7
上鋼鎧鴉	7
為他不可	7
因為他不可	7
為他不可能	7
因為他不可能	7
我的火	7
力比較	7
感覺是	7
呆殼獸	7
配一個	7
麼辦呢	7
怎麼辦呢	7
間開回	7
開回來	7
把空間開	7
空間開回	7
間開回來	7
空間開回來	7
小一下	7
變小一下	7
再強化	7
冥想吧	7
純樸的	7
我的右	7
我的右邊	7
那我們就直	7
那我們就直接	7
剛才的	7
個晴天隊	7
吸取之	7
取之吻	7
吸取之吻	7
把大力	7
把大力士	7
隔壁的	7
了大量	7
壁一次	7
鐵壁一次	7
的現在	7
撲擊左	7
撲擊左邊	7
來然後	7
擊直接	7
結實的	7
是結實的	7
隊伍呢	7
些人會帶	7
有些人會帶	7
以我方	7
兩隻寶	7
兩隻寶可	7
兩隻寶可夢	7
求雨的	7
防止對	7
謝謝你	7
的熱風	7
光牆的	7
打沙奈	7
打沙奈朵	7
喜歡這	7
鬃岩狼	7
岩狼人	7
鬃岩狼人	7
點王盾	7
點影子	7
點影子偷	7
點影子偷襲	7
偷襲的話	7
子偷襲的話	7
影子偷襲的話	7
嘴鷗這	7
大嘴鷗這	7
我方這個	7
但是我方	7
抗火果	7
下來是	7
接下來是	7
讓我們的	7
練滿的	7
速度練	7
上姆克	7
上姆克鷹	7
看到對	7
不斷的	7
來看一下對方	7
這邊直	7
這邊直接	7
旁邊的話	7
那接下來的	7
我在想	7
沒問題	7
接秒掉	7
直接秒掉	7
階攻擊	7
提高一	7
扛得住	7
的對方	7
來我們	7
我們霸	7
們霸王	7
我們霸王	7
們霸王花	7
我們霸王花	7
被我們	7
再來一個	7
場戰鬥	7
停火協	6
火協議	6
停火協議	6
幾乎就	6
的所有	6
的任何	6
都非常	6
觀眾朋	6
眾朋友	6
觀眾朋友	6
現在這	6
這份協	6
份協議	6
這份協議	6
出來了	6
真主黨	6
家可以	6
的成員	6
拼好床	6
知道這	6
了那這	6
但實際	6
但實際上	6
至少還	6
的生活	6
在很多	6
到什麼	6
在這種	6
什麼這	6
沒有被	6
了或者	6
之後就	6
也沒用	6
是正常	6
這麼強	6
不想要	6
穩定的	6
問題而	6
國股市	6
我看到	6
不是一個	6
來沒有	6
的影響	6
好再來	6
我其實不	6
的高速	6
雙打對	6
起來會	6
以大家	6
雙打對戰	6
所以大家	6
隻寶可夢的	6
是寶可	6
是寶可夢	6
們的隊伍	6
的隊伍有	6
我們的隊伍	6
也會有	6
這一點	6
會以為	6
特性就	6
騙到人	6
不會上	6
有拍過	6
隊伍而	6
值分配	6
族值分配	6
種族值分配	6
以搭配	6
境中的	6
環境中的	6
用所以	6
一回合對	6
的爆發	6
有四個	6
也可以選擇	6
通常不	6
有幾個	6
的平衡	6
就放了	6
了順風	6
速的話	6
對雨天	6
就帶了	6
會打不死	6
後快龍	6
然後快龍	6
高而且	6
打棄世	6
打棄世猴	6
較高的	6
的憤怒	6
會威嚇	6
威嚇到	6
符合我	6
富豪一	6
賽富豪一	6
以這個就是我	6
就是讓	6
就是跟	6
開順風的	6
才會比	6
所以他也	6
的袋獸	6
妖精加	6
風妖精加	6
個選項	6
隊伍看	6
伍看起	6
隊伍看起	6
伍看起來	6
隊伍看起來	6
就會變成	6
會玩的	6
就相當	6
比較難	6
選出階	6
出階段	6
選出階段	6
了比較	6
對手可	6
對手可能	6
比較容	6
較容易	6
相對不	6
比較容易	6
拍過的	6
的對戰	6
對戰影	6
戰影片	6
影片裡	6
對戰影片	6
操作彈	6
作彈性	6
操作彈性	6
我的影	6
我的影片	6
對面巨	6
但他如	6
但他如果	6
後我的	6
是普通	6
他的物攻手	6
因為巨	6
我也是不	6
住就好	6
順便看	6
守住就好	6
如果現	6
如果現在	6
可以自	6
惡龍的	6
首惡龍的	6
三首惡龍的	6
常不會	6
不會加	6
我賽富	6
我賽富豪	6
沒死所	6
沒死所以	6
近戰加	6
是應該	6
話他可	6
的話他可	6
會想要先	6
要開順	6
要開順風	6
要不客氣了	6
順風嗎	6
順風好	6
這裡左	6
裡左邊	6
這裡左邊	6
要打兩	6
要打兩下	6
有比較好	6
不了賽	6
不了賽富	6
不了賽富豪	6
不是完全	6
不會輸	6
掌右邊然	6
擊掌右邊然	6
掌右邊然後	6
擊掌右邊然後	6
就看他	6
掌打空	6
擊掌打空	6
的或者	6
再威嚇一	6
再威嚇一次	6
一個方	6
是把我	6
人都可	6
個人都可	6
球打左	6
球打左邊	6
都不一	6
左右吧	6
個人吧	6
好還是	6
也沒有技	6
也沒有技能	6
一次遇	6
次遇到	6
第一次遇	6
一次遇到	6
第一次遇到	6
是雷丘	6
可以避	6
避雷針	6
伏特電	6
快龍可能	6
萬伏特電	6
十萬伏特電	6
這樣是	6
會死而且	6
多物攻	6
害還不	6
傷害還不	6
吧這個	6
這個意	6
個意思	6
這個意思	6
不過也	6
他物防	6
不好就	6
好不好就	6
點什麼技	6
點什麼技能	6
發這兩	6
為他首	6
首發這兩	6
發這兩個	6
因為他首	6
為他首發	6
首發這兩個	6
發這兩個人	6
因為他首發	6
首發這兩個人	6
吧所以就	6
的其中	6
的其中一	6
看他有	6
看他有沒	6
看他有沒有	6
直接殘	6
接殘血	6
直接殘血	6
他會一	6
的突襲	6
邊也可以	6
美一下	6
健美一下	6
個物攻	6
不會給	6
會給你	6
是不會給	6
不會給你	6
我是不會給	6
是不會給你	6
我是不會給你	6
機會可	6
會可以	6
以強化	6
有機會可	6
機會可以	6
有機會可以	6
單方面	6
方面宣	6
單方面宣	6
一定需	6
定需要	6
左邊才	6
一定需要	6
個順風吧	6
開個順風吧	6
玄魚可	6
尾玄魚可	6
幽尾玄魚可	6
點點我	6
危險他	6
一點點我	6
果是披	6
這裡其	6
如果是披	6
果是披帶	6
這裡其實	6
如果是披帶	6
我不太確	6
我不太確定	6
是加滿	6
之力的	6
是比他	6
啦如果他	6
如果他不	6
他不是圍	6
他不是圍巾	6
龍他的	6
的雷丘	6
該不是	6
應該不是	6
很強但	6
隊的話我	6
隊的話我們	6
開個順風然	6
開個順風然後	6
以點守	6
我可以點	6
可以點守	6
以點守住	6
可以點守住	6
嘛那我	6
是仙布	6
我只是	6
而已我	6
裡只要	6
我這裡只	6
這裡只要	6
上我先	6
他是防我	6
沒有差因	6
沒有差因為	6
是贏了啦	6
該是贏了啦	6
應該是贏了啦	6
的他就	6
機會點	6
他是沒有	6
力度也	6
話我可以	6
的話我可以	6
但是還	6
龍的話我	6
度比他	6
速度比他	6
點十萬	6
能點個	6
來打他	6
橋龍那	6
龍那我	6
是適應	6
是適應力	6
可能是不會	6
較可能	6
比較可能	6
但如果	6
哪一組	6
發噴火龍	6
首發噴火龍	6
我們打	6
好打就	6
陸鯊不	6
咬陸鯊不	6
烈咬陸鯊不	6
如果左	6
如果左邊	6
是烈咬陸鯊的	6
道我是	6
知道我是	6
好右邊	6
邊是披	6
邊是披帶	6
他畏縮了	6
我這裡應	6
我這裡應該	6
右邊點守	6
右邊點守住	6
他這裡應	6
他這裡應該	6
來一次的	6
再來一次的	6
嗎我可	6
會再來	6
不錯因	6
我披帶	6
還不錯因	6
不錯因為	6
還不錯因為	6
不錯那	6
都可能	6
是我是	6
吧我是	6
因為烈	6
了我可	6
這邊可能	6
極攻的	6
打我這兩	6
什麼必	6
什麼必要	6
能其實	6
先守住吧	6
還可以再	6
襲右邊	6
看到這個	6
的雙防	6
因為風	6
為風妖	6
以無視	6
因為風妖	6
為風妖精	6
可以無視	6
因為風妖精	6
的你說	6
較高一	6
比較高一	6
是比較強	6
換人了	6
他刷我	6
本來就會	6
我就算	6
快結束	6
了我就	6
快結束了	6
抗幽果	6
沒中沒中	6
是不要	6
時候會	6
打不中	6
起來就	6
吧其實	6
是稍微	6
也沒有到	6
且他有	6
而且他有	6
要選的	6
不好搞	6
的幾個	6
所有人	6
開牆的	6
壓一點	6
你是要死	6
點點但	6
一點點但	6
點點但是	6
一點點但是	6
他快我	6
會直接被	6
確實不是	6
對面投	6
面投降	6
對面投降	6
面投降了	6
對面投降了	6
麼意思他	6
什麼意思他	6
順風我	6
也沒有很	6
我暗影	6
為我也不	6
因為我也不	6
先上個	6
妖精不	6
定會點	6
左邊這	6
邊這個	6
為他這個	6
風妖精不	6
較好一點因	6
因為他這個	6
比較好一點因	6
較好一點因為	6
以現在	6
掉他的	6
一點因為我	6
然後他的	6
下的話	6
能會殘	6
可能會殘	6
能會殘血	6
可能會殘血	6
希望他	6
沒中我	6
有點沒	6
是極速的	6
血量就	6
贏了吧	6
還能夠	6
先守住好	6
先守住好了	6
人剋制	6
有兩個人	6
地都是的	6
滿地都是的	6
還不錯就	6
簡直是	6
確實可	6
了我想想	6
應該這	6
是有可能會	6
有可能會換	6
個魔法	6
以大概	6
所以大概	6
右邊沒	6
沒差啦	6
果直接	6
以他如	6
以他如果	6
不是非	6
不是非常	6
面大狃	6
對面大狃	6
面大狃拉	6
好一點就這	6
對面大狃拉	6
好一點就這四	6
有那麼好	6
沒有那麼好	6
的是大	6
會有點麻	6
會有點麻煩	6
還是我應	6
還是我應該	6
為我有	6
能會開	6
出順風	6
可能會開	6
看一下我	6
且他不	6
而且他不	6
左邊會	6
打風妖	6
打風妖精	6
嘴鷗下	6
鷗下去	6
大嘴鷗下	6
嘴鷗下去	6
大嘴鷗下去	6
題不大	6
問題不大	6
下他應	6
下他應該	6
個人都不	6
一下雖	6
下雖然	6
一下雖然	6
實也不是很	6
是不相信的	6
我是不相信的	6
的而且他	6
把他踩	6
性比較	6
常有趣	6
非常有趣	6
很多隊	6
多隊伍	6
很多隊伍	6
常可以	6
的核心	6
得非常	6
個不錯	6
是一個不	6
跟其他	6
個惡系	6
隊友就	6
都知道	6
來針對	6
折返的	6
是至少	6
把對面	6
換上我們的	6
隊因為	6
的空間隊	6
而且在	6
系的人	6
覺得不	6
可以輕	6
以輕鬆	6
可以輕鬆	6
雖然有	6
用的寶	6
用的寶可	6
用的寶可夢	6
沒有的	6
一個能	6
以同時	6
個攻擊技	6
個攻擊技能	6
修正物	6
他的道	6
他的道具	6
沒有弱點	6
推薦你	6
的每一	6
不太適	6
太適合	6
不太適合	6
點守住但	6
有人可	6
哮虎可	6
咆哮虎可	6
然後第	6
有順風的	6
打他所	6
打他所以	6
然後烈	6
有些人可	6
有些人可能	6
然後加	6
他到底	6
到底有	6
嗎好的	6
一下對面	6
你也不	6
然我會	6
是死不	6
我都不會	6
是死不了	6
我都不會死	6
了就是	6
那個回	6
那個回合	6
剛才點	6
為他剛才	6
因為他剛才	6
後我可能	6
是以防他	6
倒是不	6
不會被秒	6
可能給	6
都不用	6
右邊對	6
會突襲	6
那還是	6
還是有一	6
好所以	6
啦應該	6
呢就是我	6
技能就是	6
是那麼簡	6
就是那麼簡	6
是那麼簡單	6
就是那麼簡單	6
到非常	6
的水炮	6
以秒他	6
可以秒他	6
首發大	6
後排上	6
會稍微	6
微有點麻	6
稍微有點麻	6
微有點麻煩	6
稍微有點麻煩	6
我倒是沒	6
看他要不	6
看他要不要	6
我應該不	6
斬將軍好	6
仆斬將軍好	6
聖劍砍	6
聯防一	6
一下他的	6
告訴我	6
是可以的	6
速度然	6
速度然後	6
上耿鬼	6
下比較好	6
一下比較好	6
拋他一	6
拋他一下	6
會把我的	6
話可能會	6
的話可能會	6
滅歌我	6
動因為	6
將軍可	6
斬將軍可	6
仆斬將軍可	6
在後排	6
鋼橋龍不	6
鋁鋼橋龍不	6
守住那	6
就不用想	6
右邊比較	6
是特攻手	6
隨便你	6
一半了	6
場我們	6
這個有點	6
打勾魂	6
定要上的	6
打勾魂眼	6
是一定要上	6
一定要上的	6
是一定要上的	6
魂眼可	6
勾魂眼可	6
會擊掌我的	6
我就先	6
話那我就	6
的話那我就	6
有加速度	6
上咆哮虎吧	6
較沒有	6
比較沒有	6
風險就	6
險就是	6
這個操	6
點風險	6
這個操作	6
就是我可能	6
不會死吧	6
歌一回	6
滅歌一回	6
歌一回合	6
滅歌一回合	6
哮虎或	6
咆哮虎或	6
也要上	6
打其他人	6
接把我	6
直接把我	6
是打不動	6
狃拉守	6
拉守住	6
大狃拉守	6
狃拉守住	6
大狃拉守住	6
他怕我	6
我勾魂	6
我打到	6
話那你	6
我就沒	6
的話那你	6
不要中	6
不能動	6
有什麼差別	6
沒有什麼差別	6
是不是有點	6
無法使	6
法使出	6
無法使出	6
打一個	6
上大劍	6
上大劍鬼	6
開個沙	6
開個沙暴	6
以我一定	6
所以我一定	6
我兩個人	6
後排不	6
是隨便	6
下一點	6
伍對面	6
的隊伍對	6
隊伍對面	6
的隊伍對面	6
像是圍	6
像是圍巾	6
首發耿	6
發耿鬼	6
首發耿鬼	6
多數情	6
數情況	6
大多數情	6
多數情況	6
大多數情況	6
直接輸	6
但是他的	6
能會換人	6
可能會換人	6
可以讓	6
掃墓右	6
墓右邊	6
掃墓右邊	6
邊要守住	6
以出手	6
了但是	6
他就好	6
在我的	6
怕的是	6
是麻煩	6
就是我如	6
就是我如果	6
不一定可	6
不一定可以	6
果的話	6
斬右邊	6
保一下	6
如果擊	6
果是這樣子	6
如果是這樣子	6
果是這樣子的	6
是這樣子的話	6
突襲嗎	6
遊戲已	6
戲已經	6
遊戲已經	6
戲已經結	6
遊戲已經結	6
戲已經結束	6
遊戲已經結束	6
呢因為我	6
葉蒂的	6
花葉蒂的	6
選的人	6
的人是	6
會選的人	6
是晶光	6
是晶光花	6
選因為	6
就是雨	6
右邊是圍	6
右邊是圍巾	6
能可能	6
技能可能	6
是剛好	6
傷害就	6
是打不死	6
而已因	6
已因為	6
而已因為	6
這裡打	6
可能也沒	6
是不太好	6
是他是	6
那是很煩	6
不是因	6
就是我的	6
不是因為	6
了這個雨	6
了這個雨天	6
這個雨天隊	6
了這個雨天隊	6
手動開	6
看對面	6
他如果有	6
龍這個	6
能會下	6
可能會下	6
能會下去	6
右邊可能會	6
可能會下去	6
高所以	6
是可以不	6
打死就	6
我可以守	6
我可以守住	6
了這樣	6
樣點的	6
這樣點的	6
他連保	6
下還可	6
一下還可	6
很多特	6
多特防	6
我是會	6
沒有加很	6
我就不會	6
我就不會死	6
的是不	6
不可能打得	6
可以隨	6
不動我們	6
打不動我們	6
稍微麻	6
微麻煩	6
稍微麻煩	6
巾的所	6
守住不	6
圍巾的所	6
巾的所以	6
圍巾的所以	6
不太容	6
剛才看	6
不太容易	6
可能擊掌	6
然後勇	6
後勇鳥	6
然後勇鳥	6
後勇鳥猛	6
然後勇鳥猛	6
後勇鳥猛攻	6
然後勇鳥猛攻	6
打的時	6
打的時候	6
我的抗	6
正我只	6
反正我只	6
正我只要	6
反正我只要	6
沒有晴	6
他噴火龍	6
沒有晴天	6
的時候我	6
了這個噴	6
勝了這個噴	6
了這個噴火	6
戰勝了這個噴	6
勝了這個噴火	6
了這個噴火龍	6
雨滅隊	6
有用嗎	6
用但是	6
啦他可	6
就是我需	6
就是我需要	6
鋼橋龍的	6
鋁鋼橋龍的	6
大一點	6
光束的	6
就是什	6
也是蠻	6
就是什麼	6
沒點守	6
沒點守住	6
左邊就好	6
左邊就好了	6
是其實	6
都會帶	6
快但是	6
速度也	6
被削弱	6
控速的	6
現在最	6
要透過	6
帶烈咬	6
帶烈咬陸	6
帶烈咬陸鯊	6
是比較快	6
當然就	6
然就是	6
當然就是	6
都是不	6
點雖然	6
以我選	6
所以我選	6
以我選擇	6
所以我選擇	6
有一種	6
擇的是	6
隨便一	6
選擇的是	6
以保證接	6
可以保證接	6
以保證接下	6
可以保證接下	6
優先選	6
的草系	6
跟風妖	6
跟風妖精	6
反空間	6
而且會	6
相當高	6
變小隊	6
機率會	6
多不同	6
在某些	6
先制技	6
先制技能	6
力掃墓	6
技能好	6
是會有	6
你想要	6
果你想要	6
如果你想要	6
少見的	6
也沒有那	6
也沒有那麼	6
是我為	6
是負責	6
空間以	6
的速度種	6
的速度種族	6
的速度種族值	6
龍因為	6
所以很	6
那當然	6
當然是	6
我們會	6
隊沒有	6
可以比較	6
遇到的	6
尾玄魚不	6
幽尾玄魚不	6
的人就	6
我可能會需	6
我可能會需要	6
但還是	6
精然後我	6
妖精然後我	6
風妖精然後我	6
話我可能	6
的話我可能	6
加日光	6
加日光束	6
把右邊打	6
把右邊打死	6
的就是你	6
就好沒	6
衝左邊	6
我就看	6
能想要	6
可能想要	6
問題因	6
題因為	6
了這個就	6
問題因為	6
就是不會	6
個特攻	6
但是問	6
打鋼鎧	6
但是問題	6
打鋼鎧鴉	6
納斯可以	6
美納斯可以	6
斯可能	6
解決一	6
解決他	6
之力吧	6
念左邊	6
然後十	6
後十萬	6
然後十萬	6
有點難	6
他賭一	6
的事情	6
需要跟他	6
跟他賭一	6
是問題是	6
不太動	6
為我後	6
因為我後	6
為我後排	6
因為我後排	6
定會贏	6
一定會贏	6
我會比	6
很像是	6
箭龜隊	6
水箭龜隊	6
可以砍	6
妖精好	6
精好了	6
風妖精好	6
那他這	6
左邊好了因	6
左邊好了因為	6
麒麟不	6
奇麒麟不	6
還是沒	6
便點個	6
隨便點個	6
不確定道	6
不確定道具	6
加月亮	6
加月亮之	6
加月亮之力	6
沒有守住的	6
話那他	6
的話那他	6
需要雙	6
要雙點	6
我可能是	6
的所以他	6
什麼辦	6
麼辦法	6
什麼辦法	6
點水流	6
雙殺了	6
還有這種	6
還有這種事	6
也許有	6
幹啥的	6
嗎這個	6
火龍可	6
噴火龍可	6
現在應	6
在應該	6
現在應該	6
為他點	6
點氣象	6
因為他點	6
點氣象球	6
該是一半多	6
應該是一半多	6
我開空	6
間是不	6
我開空間	6
空間是不	6
打出我的披	6
打出我的披帶	6
點日光	6
點日光束	6
該是要	6
應該是要	6
害蠻高的	6
傷害蠻高的	6
他最好的	6
光束右	6
束右邊	6
光束右邊	6
右邊吧因	6
右邊吧因為	6
要讓我	6
沒有打	6
嗎不是	6
我還不會	6
我還不會死	6
晴天隊對	6
晴天隊對面	6
打我們這	6
打我們這一	6
打我們這一隊	6
不錯然	6
不錯然後	6
魚的話	6
玄魚的話	6
雷朵可	6
路雷朵可	6
艾路雷朵可	6
也不太好	6
極光幕	6
對沒有	6
冷凍乾	6
凍乾燥	6
冷凍乾燥	6
沒有一定	6
亮之力右	6
月亮之力右	6
亮之力右邊	6
月亮之力右邊	6
害還行	6
傷害還行	6
能不一	6
能不一定	6
點暴風雪	6
就算點	6
能換人	6
會死只	6
龍比較	6
吧他這	6
葉刃砍	6
刃砍他	6
我下去	6
正我本	6
反正我本	6
正我本來	6
我本來就	6
反正我本來	6
也是可以考	6
也是可以考慮	6
打出披	6
打出披帶	6
鐵頭打	6
點別的	6
點別的技	6
點別的技能	6
的他可	6
輸的可能性	6
他的物防	6
是物防	6
我所以我	6
大聲咆	6
聲咆哮	6
大聲咆哮	6
一個可	6
那也不是不可	6
以點個	6
可以點個	6
就是防	6
意思嗎	6
鬼火點	6
後排應	6
排應該	6
後排應該	6
把他的	6
我能不	6
我能不能	6
嗎沒有	6
就守住	6
光束他	6
他開空	6
他開空間	6
有關係嗎	6
但是我一	6
那我就會	6
就是我不	6
斬將軍我	6
仆斬將軍我	6
加上開	6
我就會死	6
能是為	6
可能是為	6
能是為了	6
可能是為了	6
會廣防	6
死掉之	6
死掉之後	6
死因為他	6
守住而	6
是也不	6
吧他如	6
吧他如果	6
跟沙暴	6
的控速	6
確定了	6
他的隊友	6
單體的	6
有看我	6
對他來	6
能夠秒	6
但是屬	6
但是屬性	6
的其他	6
是空間隊	6
空間外	6
一些人	6
道喔那	6
喔那我	6
頻道喔那	6
道喔那我	6
喔那我們	6
的頻道喔那	6
頻道喔那我	6
道喔那我們	6
喔那我們就	6
我的頻道喔那	6
的頻道喔那我	6
頻道喔那我們	6
道喔那我們就	6
喔那我們就來	6
打沙暴隊	6
是快速	6
至少可以	6
我今天	6
下去也	6
他下去了	6
好我們	6
我還沒死	6
先威嚇	6
他就死	6
他就死了	6
高級球	6
會雙點	6
我就死	6
反傷扣血	6
但是無	6
是無所	6
是無所謂	6
也沒辦	6
也沒辦法	6
了如果	6
個人其	6
個人其實	6
有雨天的	6
點廣防	6
的他也	6
打自己	6
的暴風	6
念他一	6
念他一下	6
只有一個	6
看起來是	6
家鼠的	6
一家鼠的	6
打奇麒	6
打奇麒麟	6
人應該	6
因為其	6
的閃焰	6
的閃焰衝	6
的閃焰衝鋒	6
龍應該是	6
我還比	6
我打不	6
實有可	6
其實有可	6
實有可能	6
其實有可能	6
那也沒有	6
然後可能	6
傷害是	6
左邊因	6
地之力左	6
左邊因為	6
大地之力左	6
地之力左邊	6
大地之力左邊	6
你是不是	6
束了吧	6
結束了吧	6
還順便	6
一點傷	6
一點傷害	6
打到殘	6
點那我	6
炸彈右	6
彈右邊	6
炸彈右邊	6
危險危	6
險危險	6
危險危險	6
極限物	6
技能是	6
是心靈	6
心靈感	6
靈感應	6
心靈感應	6
得有點	6
拉斯的	6
基拉斯的	6
班基拉斯的	6
的泥偶	6
的泥偶巨	6
的泥偶巨人	6
不好還	6
嗎好吧	6
在是沒有	6
是蠻高的	6
守住很	6
岩崩他	6
能是比	6
可能是比	6
是比較高速	6
狃拉下	6
拉下去	6
狃拉下去	6
打得贏	6
的是太	6
真的是太	6
然後吃	6
然後近	6
然後巨	6
有點不太	6
死的話我	6
打死的話我	6
那我就不	6
那麼高	6
剩飯他	6
我可以左	6
我可以左邊	6
手機版	6
跟雷丘	6
金剛猩	6
的物耐	6
兩邊互	6
用因為	6
絕對的	6
有很好的	6
目前最	6
太需要	6
並不算	6
都會有	6
的不太	6
有先制的	6
的來悲	6
的來悲粗	6
的來悲粗茶	6
格子帶	6
沒有格子	6
有格子帶	6
的幫助	6
玄魚跟	6
的攻擊技	6
的攻擊技能	6
可以處	6
以處理	6
可以處理	6
粗茶然	6
茶然後	6
悲粗茶然	6
粗茶然後	6
來悲粗茶然	6
悲粗茶然後	6
來悲粗茶然後	6
發擊掌	6
要打到	6
怪然後	6
上螳螂	6
不到天	6
不到天氣	6
要守住嗎	6
的還是	6
球右邊	6
象球吧	6
了他就	6
氣象球吧	6
就是我只要	6
水晶燈	6
晶燈火	6
水晶燈火	6
晶燈火靈	6
水晶燈火靈	6
火系的	6
給秒了	6
一回合就	6
的是沒有	6
真的是沒有	6
果不點	6
如果不點	6
魂眼加	6
勾魂眼加	6
為他沒	6
因為他沒	6
後排也	6
常是沒	6
蜷一次	6
盤蜷一次	6
有加特	6
是求雨	6
回合點	6
以我只要	6
了加上	6
你就繼	6
你就繼續	6
就好了我	6
不是很快	6
能也可	6
直接上	6
能也可以	6
吧對面奇	6
吧對面奇麒	6
吧對面奇麒麟	6
後我左	6
後我左邊	6
我換人	6
空然後	6
不可能是	6
一下但是	6
雨然後	6
力然後	6
個一定	6
這個一定	6
我最好	6
後後排	6
然後後排	6
那這一	6
邊因為他	6
嘛因為	6
不好直	6
好不好直	6
不好直接	6
好不好直接	6
守住了	6
焰雞這	6
火焰雞這	6
起來還	6
看起來還	6
有什麼用	6
得我們	6
是會沒	6
沒有選	6
我還是會	6
裡點的	6
這裡點的	6
可以回	6
的火系	6
想因為	6
這種情	6
這種情況	6
面的實	6
的實戰	6
後面的實	6
面的實戰	6
後面的實戰	6
也都可	6
也都可以	6
有更好	6
速度有	6
就優先	6
的電光	6
的電光束	6
猜一種	6
對來說	6
相對來說	6
的水系	6
影響沒	6
響沒有	6
影響沒有	6
剛才沒	6
個空間手	6
惡果的	6
抗惡果的	6
加上噴	6
這裡對	6
中毒了	6
嗎還是	6
選噴火龍	6
順風還是	6
加上一	6
非常像	6
常像是	6
非常像是	6
我需要先	6
試看看	6
上大竺	6
上大竺葵	6
後排還	6
排還有	6
後排還有	6
陸鯊吧	6
咬陸鯊吧	6
烈咬陸鯊吧	6
速的人	6
好幾次	6
上烈箭	6
上烈箭鷹	6
右邊啦	6
我就說	6
我噴火	6
後鐵頭	6
然後鐵頭	6
跟他猜	6
還有大	6
的鋼鎧	6
的鋼鎧鴉	6
威力比	6
威力比較	6
特防很高	6
我原本	6
老翁龍	6
會睡著	6
這個空	6
這個空間	6
這個也	6
血所以	6
個強化手	6
是純樸	6
他冥想	6
要冥想	6
可以跟	6
原本是	6
強化好	6
了可能	6
盡可能	6
封印的	6
後這裡	6
然後這裡	6
把空間開回	6
把空間開回來	6
可能的	6
空氣斬	6
不打算	6
以繼續	6
先變小	6
也是有可	6
也是有可能	6
點憤怒	6
全沒差	6
完全沒差	6
間兩回	6
空間兩回	6
間兩回合	6
空間兩回合	6
以防止	6
可以防止	6
我先把	6
同道中	6
道中人	6
同道中人	6
不可能會死	6
後噴火龍	6
你需要	6
樣的隊	6
樣的隊伍	6
龍這邊	6
就是噴	6
就是噴火	6
他的仆	6
他的仆斬	6
晴天之	6
蠻像是	6
巨聲加	6
不會太	6
原因第	6
壁一下	6
鐵壁一下	6
加特防的	6
然後撲	6
後撲擊	6
然後撲擊	6
那個技	6
那個技能	6
突襲他	6
壓他一	6
壓他一點	6
們還有	6
我們還有	6
火龍然	6
噴火龍然	6
火龍然後	6
噴火龍然後	6
他如果沒有	6
別人的隊	6
別人的隊伍	6
隱形岩	6
師球級	6
大師球級	6
每個隊	6
每個隊伍	6
一個好	6
會更好	6
首發開	6
可以很	6
點而已	6
是冰岩	6
是冰岩怪	6
較高速的	6
比較高速的	6
防止對面	6
廣防的	6
對面打	6
的話有	6
龍爪加	6
他第一	6
他第一回	6
他第一回合	6
果選擇	6
如果選擇	6
呆呆王	6
閃一下	6
睡著了	6
的沙奈	6
的沙奈朵	6
巾的話	6
圍巾的話	6
我的烈	6
光花打	6
晶光花打	6
我的瑪	6
我的瑪狃	6
我的瑪狃拉	6
這邊應	6
這邊應該	6
直接來	6
的話大	6
為我方	6
因為我方	6
面這裡	6
對面這裡	6
真的是有	6
一下烈	6
一下烈咬	6
一下烈咬陸	6
一下烈咬陸鯊	6
我們火	6
幫助我	6
選擇直	6
擇直接	6
選擇直接	6
度練滿	6
速度練滿	6
以看到對	6
可以看到對	6
那主要	6
那旁邊	6
掉對手的	6
廣域防	6
域防守	6
廣域防守	6
對手還	6
面的話	6
這邊想	6
那接下來的話	6
是講究	6
是講究圍	6
是講究圍巾	6
的火焰雞	6
看一下對手	6
來看一下對手	6
雨天中	6
這場對手	6
果然是	6
對手這	6
的攻擊力	6
進化了	6
提高雙	6
高雙防	6
提高雙防	6
個戲法	6
我就派	6
就派上	6
我就派上	6
再近身	6
再近身戰	6
再提高	6
再羽棲	6
先來個	6
好的對方	6
對方也	6
吸一口	6
硬扛他	6
果斷選	6
斷選擇	6
果斷選擇	6
嘴娃這	6
大嘴娃這	6
個大晴	6
個大晴天	6
個大大	6
一個大大	6
推一下	6
衝鋒攻	6
鋒攻擊	6
焰衝鋒攻	6
衝鋒攻擊	6
閃焰衝鋒攻	6
焰衝鋒攻擊	6
閃焰衝鋒攻擊	6
一場戰	6
下一場戰	6
一場戰鬥	6
們下一場戰	6
下一場戰鬥	6
我們下一場戰	6
們下一場戰鬥	6
太可惜	6
直接輕	6
接輕鬆	6
直接輕鬆	6
接輕鬆帶	6
直接輕鬆帶	6
接輕鬆帶走	6
直接輕鬆帶走	6
熱帶踢	6
